"Max depth (ft)","Nearby town","Water clarity (ft)","Littoral zone (acres)","Size (acres)","Lake","County"
"16","Millerville","8","417","545","Aaron","Douglas"
"7","Detroit Lakes","N/A","269","269","Abbey","Becker"
"55","Frazee","9.4","51","154","Acorn","Becker"
"60","Backus","15","424","974","Ada","Cass"
"12","Atwood","7","5","5","Adelman's Pond","Hennepin"
"20","Parkers Prairie","2.6","238","239","Adley","Otter Tail"
"30","Ely","7","453","984","Agnes","St. Louis"
"10,12,12,20,20,20","","5,6,6,10,10,10","2,2,2,19,39,37","2,2,2,19,39,37","Airport Pond 1,2,3,4,5,6",""
"35","Libby","6.3","453","487","Aitkin","Aitkin"
"6","Albert Lea","1","2654","2654","Albert Lea","Freeborn"
"29","Duluth","6.2","159","180","Alden (Big)","St. Louis"
"64","Randall","10.9","842","2708.72","Alexander","Morrison"
"21","Lake George","6.5","96","121","Alice","Hubbard"
"53","Ely","12","438","1566","Alice","Lake"
"12","Buffalo Lake","1.5","451","451","Allie","Renville"
"19","Fairmont","1.3","108","182.09","Amber","Martin"
"69","Villard","9.5","370","910","Amelia","Pope"
"75","Deer River","11","107","198","Amen","Itasca"
"18","Kettle Falls","8","77","100","Amundsen","St. Louis"
"10","Bloomington","5","12","12","Ancel's Glen","Hennepin"
"110","Bigfork","9","71","274","Anderson","Itasca"
"14","Dassel","7","13","13","Anderson","Meeker"
"83","Alexandria","11.5","331","946","Andrew","Douglas"
"26","New London","13.7","293","814","Andrew","Kandiyohi"
"60","Cass Lake","10","423","1510","Andrusia","Beltrami"
"45","Chanhassen","5.5","45","110.04","Ann","Carver"
"17","Ogilve","3.2","600","653","Ann","Kanabec"
"14","Glenwood","6.4","356","356","Ann","Pope"
"26","Zimmerman","11.5","138","184","Ann","Sherburne"
"19","Emily","12","102","122","Anna","Crow Wing"
"55","Underwood","5.6","373","538","Anna","Otter Tail"
"51","Battle Lake","14.5","150","334","Annie Battle","Otter Tail"
"90","Bigfork","17","76.5","306","Antler","Itasca"
"37","Prairie Portage","13","7","21","Arkose","Lake"
"34","Ely","9","102","389","Armstrong","St. Louis"
"15.5","Correll","3.3","1964","1964","Artichoke","Big Stone"
"25","Orr","8","195","669","Ash","St. Louis"
"37","Victoria","7.9","158","261","Auburn","Carver"
"19","Isabella","7","219","228.68","August","Lake"
"4","Storden","1","470","470","Augusta","Cottonwood"
"12","Goldenrod","9.972","19","19","Augusta","Becker"
"88","Fairhaven","4.5","65.3","187.12","Augusta","Wright"
"4","Stroden","1","470","470","Augusta","Cottonwood"
"33","Mendota","0.96","35","35","Augusta","Dakota"
"19","Central Lakes","6","62","75","Augusta","St. Louis"
"48","Parkers Prairie","2.976","70","70","Augusta","Otter Tail"
"69","Hackensack","10.2","248","705","Baby","Cass"
"39","Emmaville","17","125","271","Bad Axe","Hubbard"
"84","Ponsford","32","288","799","Bad Medicine","Becker"
"19","Erskine","19","342","353","Badger","Polk"
"39","Leonard","n/a","50","94","Bagley","Clearwater"
"25","Mae","14","31","31","Baker","Cass"
"36","White Bear Lake","2.6","751","1268","Bald Eagle","Ramsey"
"25","Grand Marais","9","159","196","Ball Club","Cook"
"85","Ball Club (Unincorporated Village)","12","984","3936","Ball Club","Itasca"
"58","Madison Lake","3","301","350","Ballantyne","Blue Earth"
"33","Solway","11","282","512","Balm","Beltrami"
"37","Taconite","11","296","710","Balsam","Itasca"
"10","Orr","5","380","380","Ban","St. Louis"
"15","Lutsen","3","149.06","149.06","Barker","Cook"
"30","Hackensack","21","84","134","Barnum","Cass"
"28","Barrett","5.5","434","544","Barrett","Grant"
"7","Bloomington","2","3","3","Barthel's Pond","Hennepin"
"16","Northome","3.8","292","292","Bartlett","Koochiching"
"17","Bemidji","n/a","315","380","Bass (Big)","Beltrami"
"22","Bemidji","15","288","343","Bass (Little)","Beltrami"
"24","Merrifield","8","185","309","Bass","Crow Wing"
"20","Delavan","4.5","171","203","Bass","Faribault"
"76","Cohasset","11.4","1254","2407","Bass","Itasca"
"26","Waubun","15","294","689","Bass","Mahnomen"
"36","Underwood","12.1","138","292","Bass","Otter Tail"
"24","Finlayson","7","148","189","Bass","Pine"
"17","Soudan (unincorporated town)","7","231","238","Bass","St. Louis"
"60","Pontoria","7","2.75","2.75","Bass Pond","Cass"
"111","Ely","10.75","7034","22.722","Basswood","Lake"
"21","Fairbanks","7.5","196","442","Bassett","St. Louis"
"15","Effie","11.5","199","199","Battle","Otter Tail"
"14","Woodbury","n/a","n/a","103","Battle Creek","Washington"
"66","Victoria","5","65","162","Bavaria","Carver"
"15","Baxter","8.832","13","13","Baxter","Cass"
"74","Deerwood","14","1005","2392","Bay","Crow Wing"
"26","Silver Bay","15.7","16","31.46","Bean","Lake"
"31","Barn Lake Area","8.2","70","91","Bear","Carlton"
"6","Twin Lakes","N/A","1536","1536","Bear","Freeborn"
"16","Nashwauk","3.5","268","339","Bear","Itasca"
"32","Perham","7.6","120","181","Bear","Otter Tail"
"37","","18.5","104.17","104.17","Bear Creek Reservoir",""
"62","Babbit","10","879","2351","Bear Island","St. Louis"
"46","Tower","12","371","674","Bearhead","St. Louis"
"31","Goodland","9","152","217","Beauty","Itasca"
"27","Long Prairie","8","137","237","Beauty","Todd"
"n/a","Buhl","n/a","n/a","16","Beaver","St. Louis"
"27","Luxemberg","7","49","152","Beaver","Stearns"
"12","St Augusta","6","33","33","Beaver Lake 2","Stearns"
"8","St Augusta","8","1055","1055","Beaver Lake Slough","Stearns"
"33","Grand Rapids","6.5","18","29.32","Bee Cee","Itasca"
"61","Pelican Rapids","14.5","96","195","Beers","Otter Tail"
"14","Lincoln","6","22","22","Bee Tree","Todd"
"25","Hutchinson","2.8","383","826","Belle","Meeker"
"56","Nevis","14","771","1185","Belle Taine","Hubbard"
"58","Marcell","n/a","251","493","Bello","Itasca"
"34","Clitherall","11.8","108","192","Belmont","Otter Tail"
"50","Bemidji","11","300","543","Beltrami","Beltrami"
"76","Bemidji","6","1862","6420","Bemidji","Beltrami"
"91","Benedict","14","172","440","Benedict","Hubbard"
"165","Sabin","52.864","26","26","Benedict Pit","Clay"
"9","Lake Benton","1.6","2857","2857","Benton","Lincoln"
"14","Casey","6","34","34","Benton","Meeker"
"14","Withrow","5.18","32","32","Benz","Washington"
"10","Melrude","4","151","151","Berg","St. Louis"
"64","Jenkins","10.5","142","334","Bertha","Crow Wing"
"27","Lake Park","12","120","226","Beseau","Becker"
"35","Bemidji","13","2106","3533","Big","Beltrami"
"25","Sawyer","13.5","440","507","Big","Carlton"
"22","Ely","7","1514","1789","Big","St. Louis"
"30","Hoyt Lakes","9","379","805","Big","St. Louis"
"48","Big Lake","9.5","110","251","Big","Sherburne"
"42","Richmond","4.8","227","403","Big","Stearns"
"21","Cushing","7.2","166","277","Big","Todd"
"66","Stillwater","9","131","464","Big Carnelian","Washington"
"31","Marble","17","61","122","Big Diamond","Itasca"
"20","Marcell","10","152","249","Big Dick","Itasca"
"12","Fairhaven","6","24","24","Big Eye Slough","Stearns"
"70","Cold Spring","14.8","201","558","Big Fish","Stearns"
"42","Marcell","14.5","202","238","Big Island","Itasca"
"15","Lake Lillian","2.8","2692","2692","Big Kandiyohi","Kandiyohi"
"14","Aitkin","7","23","23","Big Logan","Aitkin"
"60","Forest Lake","9","1152","1756","Big Marine","Washington"
"33","Dent","13.6","295","489","Big McDonald 2","Otter Tail"
"71","Pennington","13","241","568","Big Moose","Beltrami"
"23","Ely","n/a","1012","1032","Big Moose","St. Louis"
"65","Marcell","15.5","84","179","Big Ole","Itasca"
"25","Finlayson","9.5","135","387","Big Pine","Pine"
"23","Backus","7.2","901","918","Big Portage","Cass"
"337","Cuyuna","16","242","638","Big Rabbit (East)","Crow Wing"
"50","Cuyuna","13","165","531","Big Rabbit (West)","Crow Wing"
"5","Remer","5","2832","2832","Big Rice","Cass"
"5","Ely","2","420","420","Big Rice","St. Louis"
"9","Ponsford","6.5","917","917","Big Rush","Becker"
"135","Park Rapids","25","465","1635","Big Sand","Hubbard"
"84","McGregor","5","3067","6526","Big Sandy","Aitkin"
"38","Avon","10","150","440","Big Spunk","Stearns"
"16","Ortonville","14.75","12484","12610","Big Stone","Big Stone"
"24","Park Rapids","4","223","319","Big Stoney","Hubbard"
"36","Nashwauk","5","138","230","Big Sucker","Itasca"
"32","Kingston","4.1","338","628","Big Swan","Meeker"
"45","Burtrum","5","404","918","Big Swan","Todd"
"95","Talmoon","13","56","232","Big Too Much","Itasca"
"128","Cross Lake","11","369","1342","Big Trout","Crow Wing"
"123","Avon","10","46","227","Big Watab","Stearns"
"57","Bemidji","9.5","390","1094","Big Wolf","Beltrami"
"10","Bingham Lake","6","259","259","Bingham","Cottonwood"
"8","Aitkin","3","421","421","Birch","Aitkin"
"25","Callaway","5","N/A","233","Birch","Becker"
"45","Hackensack","7.7","755","1284","Birch","Cass"
"30","Remer","10","51","255","Birch","Cass"
"34","Ely","9","342","711","Birch","Lake"
"18","Big Lake","2.5","117","151","Birch","Sherburne"
"25","Babbit","4","1060","5628","Birch","St. Louis"
"81","Grey Eagle","4.2","642","2108","Birch (Big)","Todd"
"89","Grey Eagle","4.5","277","838","Birch (Little)","Todd"
"200","Ridge","25","105","105","Black Pit","St Louis"
"42","Turtle River","N/A","125","246","Black","Beltrami"
"18","Ball Bluff","10.5","170","191.8","Blackface","Aitkin"
"19","New Munich","3.5","112","98.16","Black oak","Stearns"
"28","Blackduck","3","1374","2596","Blackduck","Beltrami"
"30","Orr","10.5","498","1185","Blackduck","St. Louis"
"67","Longville","13.7","336","722","Blackwater","Cass"
"72","Cohasset","9.4","633","674","Blackwater","Itasca"
"42","Holmes City","11","199","307","Blackwell","Douglas"
"64","Ottertail","9","1002","1268","Blanche","Otter Tail"
"38","Grand Rapids","15","366","449","Blandin","Itasca"
"17","Aitkin","6","359","370","Blind","Aitkin"
"23","Urbank","5.8","132","263","Block","Otter Tail"
"9","Currie","1","248","248","Bloody","Murray"
"84","Park Rapids","27","81","324","Blue","Hubbard"
"31","Princeton","5","134","309","Blue","Isanti"
"15","Menahga","4.5","522","522","Blueberry","Wadena"
"28","Zim","11.5","23","23","Bluegill","St Louis"
"120","Grand Rapids","14.5","72","364","Bluewater","Itasca"
"26","Richville","13.5","93","176","Boedigheimer","Otter Tail"
"30","Forest Lake","9.5","124","210","Bone","Washington"
"109","Two Inlets","16","81","348","Boot","Becker"
"30","Bemidji","8.5","203","267","Boot","Beltrami"
"18.5","Graceville","5.3","36","44.4","Botkers","Big Stone"
"84","Garrison","9","304","957","Borden","Crow Wing"
"17","Grand Marais","N/A","133","136","Bouder","Cook"
"18","Duluth","5.8 (5-6.5)","3206.59","3259.66","Boulder","Saint Louis"
"28","Dorset","9.5","180","360","Boulder","Hubbard"
"32","Deer River","6","4736","9220","Bowstring","Itasca"
"45","Boy River","6.5","2007","3186","Boy","Cass"
"26","Lake Park","5.5","204","310","Boyer","Becker"
"18","Russell","5.2","20","29.96","Brawner","Lyon"
"43","Chaska","10.272","6","17","Brickyard Clayhole","Carver"
"10","St Augusta","5","84","84","Bridge Slough","Stearns"
"25","Clear Lake","3","170","377","Briggs","Sherburne"
"44","Alexandria","11.5","150","289","Brophy","Douglas"
"8","Rockville","4","320","320","Brown House Slough","Stearns"
"19","Ely","12","170","205","Browns","Lake"
"8","South Haven","4","1","1","Brown Pit","Wright"
"78","Grand Marais","15","1431","4617","Brule","Cook"
"45","Eden Prairie","5.4","64","161","Bryant","Hennepin"
"42","Ottertail","11","835","929","Buchanan","Otter Tail"
"40","Cass Lake","16","68","271","Buck","Beltrami"
"31","Nashwauk","8","180","492","Buck","Itasca"
"80","","19","48","48","Buckeye Pit",""
"38","Richwood","N/A","192","376","Buffalo","Becker"
"8.5","Dovray","1.3","124","124","Buffalo","Murray"
"26","Ely","10","43","62","Bullfrog","Lake"
"1,3","St Augusta","1,3","2,2","2,2","Bump Slough 1,2","Stearns"
"12","Clearwater","3.808","109","109","Bunt","Stearns"
"35","Marcell","10.5","127","182","Burnt Shanty","Itasca"
"126","Tower","20","1478","7139","Burntside","St. Louis"
"95","Eveleth","18","20","20","Burns Pit","St. Louis"
"16","Kandiyohi","8","27","27","Burr Oak","Kandiyohi"
"38","Marcell","12","227","291","Burrows","Itasca"
"28","Bloomington","16.8","110","172","Bush","Hennepin"
"44","Holyoke","n/a","71","237","Busties","Itasca"
"12","Dassel","4.5","83","83","Butternut","Meeker"
"18","Togo","11","68","81.4","Button Box","Itasca"
"50","Cannon Falls","2.6","976","1435","Byllesby","Dakota"
"8","Maine Prairie","4","2","2","Cabana Slough","Stearns"
"18","Fairbanks","12","230","325","Cadotte","St. Louis"
"82","Minneapolis","15","123","401","Calhoun","Hennepin"
"13","Spicer","5.7","618","618","Calhoun","Kandiyohi"
"9","Erskine","n/a","224","224","Cameron","Polk"
"27","Cotton","6.5","81","162","Cameron","St. Louis"
"42","Pine Center","6","206","478","Camp","Crow Wing"
"26","Swift Falls","3.83","97","203","Camp","Swift"
"25","Puposky","N/A","222","475","Campbell","Beltrami"
"12+","Buhl","n/a","10","10","Candle","St. Louis"
"311","Coleraine","29","130","40.23","Canisteo Pit","Itasca"
"15","Faribault","2","1591","1591","Cannon","Rice"
"35","","2.656","57","57","Cannon River Reservoir",""
"100","Biwabik","13","13","250","Canton Pit","St. Louis"
"32","Bigfork","14.208","30","30","Captain Luke","Itasca"
"12","","8.224","17","17","Capote","Lake"
"13.5","Hibbing","5","139","139","Carey","St. Louis"
"30","Lutsen","8.5","439","728","Caribou","Cook"
"26","Grand Marais","7","204","255","Caribou","Cook"
"152","Marcell","28","45","240","Caribou","Itasca"
"163","Alexandria","11","910","2520","Carlos","Douglas"
"155","Keewatin","17.344","89","89","Carlz Pit","Itasca"
"16","Maine Prairie","7","24","24","Carnelian Island Slough","Stearns"
"39","Kimball","11","63","164","Carnelian","Stearns"
"10","Maine Prairie","6","18","18","Carnelian Slough","Stearns"
"22","Watkins","2.88","34","34","Carter","Stearns"
"36","Woodbury","n/a","n/a","49","Carver","Washington"
"17","Lutsen","8","415","415","Cascade","Cook"
"74","Rochester","27","78","78","Cascade","Olmsted"
"120","Cass Lake","N/A","3119","15596","Cass","Beltrami"
"3","St Augusta","3","420","420","Cattail Slough","Stearns"
"12","Lincoln","1","25","25","Cass County Lake","Todd"
"6","South Haven","5","4","4","Cattail Slough","Wright"
"48","Cohasset","14","44","67","Cavanaugh","Itasca"
"9","Oak Knoll","3","13","13","Cavanaugh","Hennepin"
"18","McGrath","2.5","215","232","Cedar","Aitkin"
"105","Aitkin","5.8","405","1769","Cedar","Aitkin"
"51","Minneapolis","5.5","63","169","Cedar","Hennepin"
"7","Eden Prairie","3","6","6","Cedar Manor","Hennepin"
"8","Cedar Mills","5.8","1924","1924","Cedar","McLeod"
"12","Nicols","7","2","2","Cedar","Hennepin"
"42","Faribault","2","673","804","Cedar","Rice"
"13","New Prague","3.1","780","780","Cedar","Scott"
"20","Biwabik","3","176","185","Cedar Island","St. Louis"
"75","Richmond","2.3","755","998","Cedar Island","Stearns"
"8","Nicols","6","3","3","Cemetery Pond","Hennepin"
"6","Fairhaven","3","3","3","Cemetery Slough","Stearns"
"46","Center City","1.7","608","725","Center (North)","Chisago"
"109","Lindstrom","3.6","561","835","Center (South)","Chisago"
"19","Centerville","3.2","276","455","Centerville","Anoka"
"95","Deer River","20.5","68","209","Chase","Itasca"
"29","Longville","10","158","316","Child","Cass"
"95","Brandon","7","505","1186","Chippewa (Big)","Douglas"
"24","Brandon","9","126","270","Chippewa (Little)","Douglas"
"34","Chisago","n/a","695","873","Chisago City","Chisago"
"14","Ashby","n/a","3978","3978","Christina","Douglas"
"87","Eden Prairie","18.8","77","257","Christmas","Hennepin"
"28","Carlton","7.25","169","311","Chub","Carlton"
"10","Farmington","N/A","274","274","Chub","Dakota"
"15","Ash Lake","6.0","125","125","Chub","St. Louis"
"19","Mahnomen","1.9","161","167","Church","Mahnomen"
"9","South Haven","5","12","12","Church Slough","Wright"
"14","Lonsdale","n/a","624","624","Circle","Noodles"
"31","Nisswa","15","264","305.41","Clark","Crow Wing"
"4","McNair","2","51","51","Clark","Lake"
"44","Ely","12","24","73.43","Clark","St. Louis"
"34","Cohasset","12","27","37","Clarke","Itasca"
"24","Glen","15.5","363","562","Clear","Aitkin"
"63","Jenkins","19","59","220","Clear","Crow Wing"
"7","Hastings","N/A","392","198","Clear","Goodhue"
"9","Jackson","2.2","415","415","Clear","Jackson"
"11","Russell","1","68","65.76","Clear","Lyon"
"18","Lexington","2.3","198","268","Clear","Lesueur"
"18","Watkins","1.5","441","497","Clear","Meeker"
"29","Dalton","8.1","153","352","Clear","Otter Tail"
"8","Gibbon","N/A","469","469","Clear","Sibley"
"24","Ely","11","97","119","Clear","St. Louis"
"24","Buhl","10.5","94","112","Clear","St. Louis"
"34","Waseca","N/A","448","652","Clear","Waseca"
"28","Forest Lake","4.5","267","424","Clear","Washington"
"65","Leonard","10.5","339","1008","Clearwater","Beltrami"
"54","Deerwood","14","252","880","Clearwater","Crow Wing"
"100","Annandale","4.5","1595.6","3158.27","Clearwater","Wright"
"69","Dalton","9.3","805","2493","Clitherall","Otter Tail"
"103","Marcell","17","32","210","Clubhouse","Itasca"
"20","Oak Knoll","10","9","9","Cobblecrest","Hennepin"
"14","Montgomery","0.7","257","257","Cody","Rice"
"30","Hoyt Lakes","4","377","539","Colby","St. Louis"
"11","Woodbury","n/a","n/a","70","Colby","Washington"
"11","Bloomington","4","18","18","College Pond","Hennepin"
"47","Wyoming","3.8","90","219","Comfort","Chisago"
"15.5","St. Paul","1.5","66.5","66.7","Como","Ramsey"
"30","Whiteface","4","310","443","Comstock","St. Louis"
"50","Alexandria","12","66","95","Cook","Douglas"
"20","Corcoran","12","9.18","9.18273645555","Cook","Hennepin"
"38","Prairie Portage","10.3","43","43","Cook County Lake","Lake"
"44","Bucks Mill","4.5","44","60","Cooks","Otter Tail"
"19","","8","90","96.57","Cooks",""
"22","","11","11","11.4784205693","Cookoosh",""
"27","Soderville","6.75","1098","1259","Coon","Anoka"
"36","Big Fork","11.4","504","627","Coon","Itasca"
"8","East Bethel","n/a","44","44","Coopers","Anoka"
"75","Audubon","10","812","3421","Cormorant (Big)","Becker"
"34","Audubon","11.5","619","924","Cormorant (Little)","Becker"
"3","St Augusta","3","0.2","0.2","Corner","Stearns"
"28","Rochert","13.5","781","1720","Cotton","Becker"
"16","Donnelly","8","243","243","Cottonwood","Grant"
"7","Cottonwood","2.3","323","323","Cottonwood","Lyon"
"52","Alexandria","9.5","88","238","Cowdry","Douglas"
"14","Oak Knoll","6","39","39","Crane","Hennepin"
"43","Battle Lake","11","202","367","Crane","Otter Tail"
"80","Crane Lake","7.5","618","3088","Crane","St. Louis"
"19","Montrose","14","107","109","Crawford","Wright"
"28","Grand Marais","11","558","744","Crescent","Cook"
"60","Marble","3.1","104","418","Crooked","Itasca"
"22","Lincoln","12.8","131","179.29","Crookneck","Morrison"
"84","Cross Lake","12","879","1751","Cross","Crow Wing"
"30","Pine City","4","507","943","Cross","Pine"
"19","Fosston","7","303","328","Cross","Polk"
"30","Brooten","8","560","600","Crow","Cook"
"26","Ft Ripley","7","210","382","Crow Wing","Crow Wing"
"8","Albertville","4","6","6","Crow Oxbow","Wright"
"91","Ray","27","22","115","Cruiser","St. Louis"
"37","Burnsville","2.8","208","280","Crystal","Dakota"
"55","Pelican Rapids","6.8","674","1412","Crystal","Otter Tail"
"20+","Morris","N/A","185","185","Crystal","Stevens"
"39","Nisswa","11","180","512","Cullen (Lower)","Crow Wing"
"48","Nisswa","14.5","127","382","Cullen (Middle)","Crow Wing"
"40","Nisswa","16","300","435","Cullen (Upper)","Crow Wing"
"9.5","Balaton","0.9","377","377","Currant","Murray"
"78","Squaw Lake","12.2","1324","2768","Cut Foot Sioux","Itasca"
"55","Bovey","12","98","257","Cutaway","Itasca"
"5,4","Maine Prairie","3,4","1,0.5","1,0.5","Cut Slough","Stearns"
"20","Willow River","11","107","107","Dago","Pine"
"22","Clearwater","5.5","16","20","Dallas","Stearns"
"48","Aitkin","10.5","256","642","Dam","Aitkin"
"90","Grand Marais","15","86","508.61","Daniels","Cook"
"50","Gemmell","6","70","119.61","Dark","Koochiching"
"31","Buhl","17","138","232","Dark","St. Louis"
"10","Winton","5","38","38","Dark","St. Louis"
"102","Ridge","33","18","18","Dark Blue Pit","St Louis"
"62","Alexandria","9","477","954","Darling","Douglas"
"32","","6","139","227.28","Dayton Hollow Reservoir","Otter Tail"
"19","Frazee","1.8","249","274","Dead","Becker"
"34","Dorset","16","172","292","Dead","Hubbard"
"8","South Haven","4","5","5","Dead Slough","Wright"
"65","Dent","4.83","6537","7901","Dead","Otter Tail"
"12","Kimball","5","8","8","Dead Hole","Stearns"
"9","Arco","2.5","569","569","Dead Coon","Lincoln"
"14","Howard Lake","7","20","20","Dead Tree Slough","Wright"
"20","Buffalo","3.5","125","173","Dean","Wright"
"12","Golden Valley","2","7","7","Decola Pond A","Hennepin"
"42","Bemidji","N/A","118","262","Deer","Beltrami"
"121","Deer River","9.5","920","4097","Deer","Itasca"
"50","Effie","10.5","1332","1748","Deer","Itasca"
"26","Battle Lake","9.5","306","457","Deer","Otter Tail"
"27","Buffalo","4.5","126","163","Deer","Wright"
"6","St Augusta","5","888","888","Deerwood Long","Stearns"
"9","Pine Springs","4","6","6.8870523416","Deer Pond",""
"8","St Augusta","5","52","52","Deerwood","Stearns"
"30","Candy","5.1","88","156.3","Del Clark","Yellow Medicine"
"24","Lake Elmo","12","129","143","Demontreville","Washington"
"89","Detroit Lakes","7.3","1895","3083","Detroit","Becker"
"50","Grand Marais","N/A","626","1838","Devil Track","Cook"
"35","Brandon","7.5","150","221","Devils","Douglas"
"67","Perham","13.2","211","314","Devils","Otter Tail"
"9","Rollins","5.344","20","20","Devine","St. Louis"
"40","Chisholm","11","76","195","Dewey","St. Louis"
"9","Warman","5.984","90","90","Dewitt Marsh","Mille Lacs"
"6","Minneapolis","4","115","115","Diamond","Hennepin"
"8","Rogers","n/a","406","408","Diamond","Hennepin"
"6","Hackensack","3","4.5","4.5913682277","Diamond Pond","Cass"
"27","Atwater","3","635","1565","Diamond","Kandiyohi"
"26","Long Lake","N/A","7","12","Dickey's","Hennepin"
"25","Melrude","3.5","132","207","Dinham","St. Louis"
"30","Hill City","9","21","47","Dinner Pail","Itasca"
"1","South Haven","1","0.007","0.007","Ditch","Wright"
"29","Squaw Lake","5.5","478","616","Dixon","Itasca"
"6","Richmond","3","3","3","Doll Pond","Stearns"
"16","Emily","11","268","271","Dolney","Crow Wing"
"140","Ridge","36","110","110","Donora Settling Basin","St Louis"
"18","Wirt","8.7","422","447","Dora","Itasca"
"7","Hawley","2.5","N/A","112","Doran","Clay"
"9","Storden","2","246","246","Double","Cottonwood"
"17","Crane Lake","5","114","120","Dovre","St. Louis"
"2","St Augusta","2","2","2","Dry Slough","Stearns"
"23","Hubbard","5.5","151","326","Duck","Hubbard"
"40","Isabella","22","202","437","Dumbbell","Lake"
"30","Squaw Lake","5","162","254","Dunbar","Itasca"
"10","Upsala","4.8","28","28","Dunder Pond","Morrison"
"45","Mound","2.3","83","160","Dutch","Hennepin"
"21","Howard Lake","2.3","112","153","Dutch","Wright"
"29","Frazee","7.2","141","308","Eagle","Becker"
"9","Madison Lake","1.5","914","914","Eagle","Blue Earth"
"44","Deerwood","4.9","65","239","Eagle","Crow Wing"
"36","Fifty Lakes","15.8","190","358","Eagle","Crow Wing"
"34","Maple Grove","4.3","199","291","Eagle","Hennepin"
"77","Park Rapids","9","164","411","Eagle","Hubbard"
"47","Marcell","n/a","209","279","Eagle","Itasca"
"67","Willmar","8.5","274","824","Eagle","Kandiyohi"
"46","Battle Lake","22.6","157","845","Eagle","Otter Tail"
"18","Big Lake","2","330","381","Eagle","Sherburne"
"38","Maple Lake","4.2","169","244","Eagle","Wright"
"76","Ely","19","88","322","Eagles Nest 1","St. Louis"
"39","Ely","14","229","408","Eagles Nest 2","St. Louis"
"49","Soudan","18","553","1001","Eagles Nest 3","St. Louis"
"49","Ely","18","83","177","Eagles Nest 4","St. Louis"
"87","Henning","7.7","825","1949","East Battle","Otter Tail"
"9","Isabella","N/A","64","64","East Chub","Lake"
"96","Nevis","17.5","120","365","East Crooked","Hubbard"
"192","Ridge","40","190","190","East Fat Pit","St Louis"
"37","Cleveland","4","343","700","East Jefferson","Lesueur"
"47","Henning","8","113","404","East Leaf","Otter Tail"
"36","Battle Lake","10.2","327","501","East Lost","Otter Tail"
"12","Strandquist","11.968","405","405","East Park WMA","Marshall"
"10","South Haven","5","8","8","East Pittman","Wright"
"28","Grand Marais","10.3","19","35.53","East Pope","Cook"
"10","Austin","2","39","39","East Side","Mower"
"48","Dent","16","58","310","East Silent","Otter Tail"
"14","Willmar","12","706","706","East Soloman","Kandiyohi"
"9","Graceville","1.3","428","436.64","East Toqua","Big Stone"
"22","Florence","3.2","224","352","East Twin","Lyon"
"132","Ridge","33","275","275","East & West Stephens Settling Basin","St Louis"
"14","Pine Springs","4.93","28","28","Echo","Washington"
"77","Eden Valley","5.5","124","263","Eden","Stearns"
"9","Edina","3","3.9","3.9026629936","Edina Mill Pond","Hennepin"
"44","Grand Marais","8.5","10","10","Edith","Cook"
"12","Marcell","1.9","N/A","50","Edmund","Itasca"
"75","Merrifield","12","1198","2576","Edward","Crow Wing"
"30","Nevis","n/a","153","492","Eighth Crow Wing","Hubbard"
"10","Dassel","5","36","36","Eighty Acre","Meeker"
"76","Waubun","15","200","1001","Elbow","Becker"
"9","Grand Marais","4.5","437","437","Elbow","Cook"
"23","Tofte","7","382","516","Elbow","Cook"
"46","Battle Lake","24","80","189","Elbow","Otter Tail"
"33","Finlayson","5","73","103","Elbow","Pine"
"60","Orr","6","664","1659","Elbow","St. Louis"
"22","Iron Junction","9","130","165","Elbow","St. Louis"
"30","Orr","2.8","331","742","Elephant","St. Louis"
"13","Kroschel","3.2","290","290","Eleven","Kanabec"
"49","Sturgeon Lake","7","69","109","Eleven","Pine"
"80","Akeley","14","169","790","Eleventh Crow Wing","Hubbard"
"9","Atwater","4","1054","1054","Elizabeth","Kandiyohi"
"93","Lake Itasca","13.7","73","271","Elk","Clearwater"
"29","Hoffman","6.5","97","190","Elk","Grant"
"9","Clear Lake","1.9","360","360","Elk (Big)","Sherburne"
"15","Zimmerman","2.5","353","353","Elk (Little)","Sherburne"
"10","St Augusta","5","4","4","Elkton Slough","Stearns"
"13","Eveleth","10","398","398","Elliot","St. Louis"
"25","Aitkin","n/a","389","522","Elm Island","Aitkin"
"140","Lake Elmo","14","44","206","Elmo","Washington"
"35","Cotton","9.7","110","296","Elora","St. Louis"
"70","Eveleth","15","225","673","Ely","St. Louis"
"13","Elysian","N/A","1902","1902","Elysian","Waseca"
"19","Biwabik","5","407","442","Embarrass","St. Louis"
"465","Aurora","33","12.5","156.08","Embarrass Mine Pit","St. Louis"
"13","Emily","6","664","664","Emily","Crow Wing"
"37","St.Peter","2","165","235","Emily","Lesueur"
"7","Hancock","1.5","2377","2377","Emily","Pope"
"10","Aden Hills","3","13","13","Emily","Ramsey"
"17","Howard Lake","9","177","177","Emma","Wright"
"30","Ely","11","675","1408","Ensign","Lake"
"12","Fairhaven","6","15","15","Estes","Stearns"
"90","Biwabik","8","82","366","Esquagama","St. Louis"
"31","Palisade","4","520","853","Esquagamah","Aitkin"
"64","Ottertail","14","69","194","Ethel","Otter Tail"
"30","Audubon","14.8","187","325","Eunice","Becker"
"15","Ely","8","109","109","Everett","St. Louis"
"38","Lake George","21.5","87","200","Evergreen","Hubbard"
"18","Shoreview","4.672","18","18","Evergreen Ponds","Ramsey"
"8","Fairhaven","4","3","3","Eye Slough","Stearns"
"4","Fairhaven","4","5","5","Fairhaven Oxbow","Stearns"
"7","South Haven","4","22","22","Fairhaven Slough","Wright"
"37","Sauk Centre","N/A","140","297","Fairy","Todd"
"32","Winton","7","1178","2173","Fall","Lake"
"33","Cambridge","6.2","308","366","Fannie","Isanti"
"56","Ely","8","459","1328","Farm","Lake"
"56","Bennettville","11","883","2054","Farm Island","Aitkin"
"8,2,3,2,4","St Augusta","3,2,3,2,4","480,3,2,0.1,2","480,3,2,0.1,2","Farm Slough 1,2,3,4,5","Stearns"
"18","New Brighton","6","10","10","Farrel's","Ramsey"
"6","Fairhaven","3","6","6","Fence Slough","Stearns"
"43","Ely","14","63","105","Fenske","St. Louis"
"2,4","St Augusta","2,4","3,0.5","3,0.5","Fence Slough 1,2","Stearns"
"22","Hawley","8","99","139","Fifteen","Clay"
"2,6","Rockville","2,3","2.2,3","2.2,3","Field Slough 1,2","Stearns"
"35","Nevis","4.9","196","392","Fifth Crow Wing","Hubbard"
"12","Saint Nicholas","4.608","34","34","Fink","Stearns"
"4.5","Isabella","2","4.12","4.12","Finn Pond","Lake"
"23","Chaska","4.25","7","8.49","Firemen's Clayhole","Carver"
"15","Hubbard","12.5","526","526","First Crow Wing","Hubbard"
"7","Fulda","1","179","179","First Fulda","Murray"
"57","Harris","10","141","306","Fish","Chisago"
"48","Maple Grove","2.7","45","223","Fish","Hennepin"
"26","Windom","5","150","300","Fish","Jackson"
"17","Parkers Prairie","5","428","435","Fish","Otter Tail"
"69","Pelican Rapids","9","127","261","Fish","Otter Tail"
"19","Fergus Falls","4","888","888","Fish","Otter Tail"
"36","Duluth","4.3","2953.2","3258.5","Fish","St. Louis"
"28","Prior Lake","6.5","74","171","Fish","Scott"
"76","Park Rapids","9.5","661","1632","Fishhook","Hubbard"
"26","Battle Lake","5.2","186","250","Fiske","Otter Tail"
"77","Vergas","14","108","224","Five","Otter Tail"
"33","Effie","15","111","175","Five Island(Ball)","Itasca"
"37","Hackensack","6","88","219","Five Point","Cass"
"45","Erhard","22.4","21","51.93","Fladmark","Otter Tail"
"15","Palisade","n/a","290","296","Fleming","Aitkin"
"8","Maine Prairie","4","10","10","Flooded Slough","Stearns"
"55","Goodland","7.5","157","328","Floodwood","St. Louis"
"10","Hartley Spur","4","1.3774104683","1.3774104683","Floodwood Pond","Aitkin"
"23","Florian","3","42.7","42.7","Florian Park Reservoir","Marshall"
"3","4",,"8","4","Floral Slough","South Haven"
"40","Spicer","10.5","267","674","Florida","Kandiyohi"
"8","McGregor","2","n/a","705","Flowage","Aitkin"
"34","Detroit Lakes","12","861","1212","Floyd","Becker"
"64","Fond du Lac","5.3","112","217","Fond du Lac Reservoir","Carlton"
"24","Willmar","3","663","694","Foot","Kandiyohi"
"39","Marcell","12","37","37","Forest","Itasca"
"37","Forest Lake","5.1","1531","2251","Forest Lake","Washington"
"7","Lake Park","0.8","361","361","Forget-Me-Not","Becker"
"14","Albert Lea","2","534","534","Fountain","Freeborn"
"19.5","Tofte","7.5","559","572","Four Mile","Cook"
"14.5","Buhl","n/a","375.5","386","Fourteen","St. Louis"
"75","Marcell","12","193","280","Fox","Itasca"
"8.5","Currie","1.2","174","174","Fox","Murray"
"15","Willow River","2.5","239","239","Fox","Pine"
"47","Shieldsville","2","139","308","Fox","Rice"
"65","Fifty Lakes","18","101","239","Fox (East)","Crow Wing"
"55","Fifty Lakes","17","138","472","Fox (West)","Crow Wing"
"60","Elysian","8.5","502","797","Frances","Lesueur"
"7","Isanti","1.4","301","301","Francis","Isanti"
"17","Kingston","6.5","871","921","Francis","Meeker"
"48","Pelican Rapids","11","749","1336","Franklin","Otter Tail"
"18","Crane Lake","6.3","120","135","Franklin","St. Louis"
"18","Farwell","4","171","241","Freeborn","Douglas"
"6.7","Freeborn","0.4","2222","2222","Freeborn","Freeborn"
"8","Zimmerman","3.3","484","484","Fremont","Sherburne"
"56","Faribault","14","397.5","816","French","Rice"
"50","Annanndale","5","156","332","French","Wright"
"38","Ely","16","21.5","41.7","Frog","Lake"
"16","Becida","6.5","173","204","Frontenac","Hubbard"
"28","Clearwater","4","26.7","31.37","Fuller","Stearns"
"50","Ely","3","457","896","Gabbro","Lake"
"42","Sunburg","9.3","242","515","Games","Kandiyohi"
"55","Ely","7","239","670","Garden","Lake"
"32","Laporte","11.2","521","979","Garfield","Hubbard"
"33","Virginia","5.5","10","12","Gate","St. Louis"
"10","Isabella","4","159","159","Gegoka","Lake"
"63","Alexandria","9","265","631","Geneva","Douglas"
"8","Geneva","0.2","2214","2214","Geneva","Freeborn"
"32","St Francis","13.75","391","495","George","Anoka"
"20","Outing","4.5","711","720","George","Cass"
"29","Lake George","9","453","798","George","Hubbard"
"34","Spicer","15.5","112","231","George","Kandiyohi"
"32","Saint Cloud","7.5","4","9","George","Stearns"
"51","Elysian","5","521","899","German","Lesueur"
"41","Little Canada","6.5","91","234","Gervais","Ramsey"
"11","South Haven","6","5","5","Ghost Slough","Wright"
"45","Brainerd","16","226","369","Gilbert","Crow Wing"
"17","Holmes City","2","190","204","Gilbert","Douglas"
"24","Sedan","4.2","206","321","Gilchrist","Pope"
"9","White Bear Lake","n/a","110","110","Gilfillian","Ramsey"
"12","Mallard","6","356","356","Gill","Clearwater"
"55","Blackduck","8.8","112","294","Gilstad","Beltrami"
"81","Longville","10","272","406","Girl","Cass"
"25","Glen lake","10","89","98","Glen lake","Hennepin"
"10","Chisholm","5","2","2","Godfrey-Glen Pit","St. Louis"
"25","Circle Pines","5","51.3","57.2","Golden","Anoka"
"24","Cold Spring","3","97","150","Goodners","Stearns"
"55","Stark","5.8","370","754","Goose","Chisago"
"5.7","Red Wing","N/A","157","157","Goose","Goodhue"
"9","Lynd","1.9","148.96","148.96","Goose","Lyon"
"5","Hitterdahl","N/A","N/A","122","Goose Prairie","Clay"
"14","Le Center","6","499","499","Gorman","Lesueur"
"16","Forest Center","8","297","432.9","Grace","Cook"
"42","Bemidji","6.8","340","859.82","Grace","Hubbard"
"10","Duxbury","2.9","79.77","79.77","Grace","Pine"
"34","Frazee","10.8","126","210","Graham","Otter Tail"
"6","Bejou","2","40","40","Grace Marsh","Mahnomen"
"24","Twig","12","1510","1592","Grand","St. Louis"
"34","Cold Spring","4","235","655","Grand","Stearns"
"34","Annanndale","6","108","339","Granite","Wright"
"92","Wilton","11","85","208","Grant","Beltrami"
"35","Annadale","7","61.6","71.47","Grass","Wright"
"15","Ely","8","213","213","Grassy","St. Louis"
"39","Marcell","9.5","304","500","Grave","Itasca"
"19","Cold Spring","n/a","355","356","Great Northern","Stearns"
"32","Chisago City","7","1228","1714","Green","Chisago"
"28","Princeton","3","357","802","Green","Isanti"
"110","Spicer","13.2","2035","5406","Green","Kandiyohi"
"18","Montgomery","N/A","261","293","Greenleaf","Lesueur"
"18","Litchfield","2.4","180","224","Greenleaf","Meeker"
"2,3,2,6","St Augusta","2,3,2,3","0.2,0.25,0.22,0.1","0.2,0.25,0.22,0.1","Green Slough 1,2,3,4","Stearns"
"72","Ely","12","131","345","Greenstone","Lake"
"295","Grand Rapids","30","7","72","Greenway Mine Pit","Itasca"
"112","Grand Marais","14.5","537","2021","Greenwood","Cook"
"7","Isabella","3.2","1300","1300","Greenwood","Lake"
"153","Sandstone","8","71","526","Grindstone","Pine"
"11","Hinckley","5.5","26","26","Grindstone Reservoir","Pine"
"31","Sedan","18","265","379","Grove","Pope"
"44","Palisade","7.5","292","730","Gun","Aitkin"
"41","Talmoon","13","47","146","Gunderson","Itasca"
"80","Nisswa","13","2825","9418","Gull","Cass"
"39","Marcell","9","142","342","Gunn","Itasca"
"14.5","Bloomington","9","13","13","Haeg","Hennepin"
"59","Blackberry","10.50","114","131","Hale","Itasca"
"6","Squaw Lake","3","14","14","Hale","Itasca"
"17","130.37","","60","37","Hale","Itasca"
"40","Eveleth","8.5","58","153","Half Moon","St. Louis"
"23","Saint Peter","11","14","14","Hallett","Nicollet"
"22","Ham Lake","6.8","174","174","Ham","Anoka"
"22","Blaine","4.9","160","168.08","Ham","Anoka"
"22","Lincoln","10","20","38","Ham","Morrison"
"44","Aitkin","10","262","374","Hammal","Aitkin"
"23","Battle Lake","5","109","182","Hancock","Otter Tail"
"57","Backus","12","140","269","Hand","Cass"
"7.70","White Bear Lake","5","7.70","7.70","Handlo's","Ramsey"
"80","Barnum","8.8","86","408","Hanging Horn","Carlton"
"35","Aitkin","n/a","142","302","Hanging Kettle","Aitkin"
"16","Hanska","N/A","1773","1773","Hanska","Brown"
"87","Minneapolis","12","85","335","Harriet","Hennepin"
"37","Isabella","15","194","265","Harriet","Lake"
"13","Guthrie","12","224","224","Hart","Hubbard"
"55","Pengilly","12","75","325","Hart","Itasca"
"49","Nashwauk","10","98","281","Hartley","Itasca"
"88","Marcell","11","49","243","Hatch","Itasca"
"39","Lake George","8.5","77","259","Hattie","Hubbard"
"9","Alberta","3.2","477","477","Hattie","Stevens"
"7.3","Ivanhoe","1","282","282","Hawks Nest","Lincoln"
"16","Wrenshal","n/a","214","215","Hay","Carlton"
"56","Backus","11.6","179","350","Hay","Cass"
"100","Jenkins","11","215","685","Hay (Lower)","Crow Wing"
"42","Jenkins","5","184","581","Hay (Upper)","Crow Wing"
"26","Richville","6.5","137","249","Head","Otter Tail"
"55","Zerkel","24.1","54","206","Heart","Clearwater"
"21","Detroit Lakes","7.5","3190","3520","Height of Land","Becker"
"47","Erhard","12.6","97","224","Heilberger","Otter Tail"
"10","Birchwood","6.75","10","10","Heiner's Pond","Ramsey"
"52","","14.5","16","31.96","Hemphill",""
"69","Spicer","8","72","72","Henderson","Kandyohi"
"12","Hendricks","2.25","1557","1557","Hendricks","Lincoln"
"14","Becida","9.2","407","407","Hennepin","Hubbard"
"5","Lakefield","N/A","2845","2845","Heron","Jackson"
"33","Minneapolis","5","25","53.5","Hiawatha","Hennepin"
"2","Fairhaven","2","3","3","Highway Slough","Stearns"
"9","","1.76","13","13","Highlands",""
"7","Fairhaven","3","1","1","Hill","Stearns"
"48","Hill City","7.6","354","907","Hill","Aitkin"
"300","","19","775","775","Hill Annex Pit",""
"12","","2.2","10","5.78","Hills Reservoir",""
"36","Park Rapids","15","221","294","Hinds","Hubbard"
"21","North Mankato","8.5","12","18.1","Hiniker Pond","Blue Earth"
"35","Clearwater","7","N/A","13","Hinz","Stearns"
"14.5","Bloomington","1.75","4.6","14.35","Hogback Ridge","Hennepin"
"8","Minnetonka","0.4","7","7","Holiday","Hennepin"
"40","Wirt","14","69","193","Holloway (Bass)","Itasca"
"65","Bovey","16","78","146","Holman","Itasca"
"7","Medina","2.5","65","65","Holy Name","Hennepin"
"NA","Ada","NA","NA","NA","Home","Norman"
"22","Lutsen","6.4","400","443","Homer","Cook"
"18","Hutchinson","1.3","324","327","Hook","McLeod"
"10","Grove City","0.6","250","250","Hope","Meeker"
"12","Dakota","6.5","20","20","Hornbean","Sunfish Lake"
"51","Backus","11","80","225","Horsehoe","Cass"
"53","Harris","6","112","197","Horseshoe","Chisago"
"52","Laporte","13.5","143","253","Horseshoe","Hubbard"
"25","Marcell","10.5","241","270","Horseshoe","Itasca"
"26","Waterville","2.2","N/A","393","Horseshoe","Lesueur"
"57","Richmond","3","275","550","Horseshoe","Stearns"
"39","Howard Lake","3.5","318","717","Howard","Wright"
"8","Rochert","3.2","37","37","Hubbel Pond","Becker"
"83","Nisswa","14","465","1294","Hubert","Crow Wing"
"25","Clearwater","14","N/A","13","Hulbert","Stearns"
"60","Frazee","9.7","180","240","Hungry","Becker"
"258","Crosby","38.5","14","93.57","Huntington Mine","Crow Wing"
"9","Eden Prairie","4.5","5","5","Hutton Pond","Hennepin"
"73","Ponsford","14.2","80","331","Ice Cracking","Becker"
"20","Lake Park","7","435","580","Ida","Becker"
"106","Alexandria","11","1673","4289","Ida","Douglas"
"60","Monticello","15.5","109","231","Ida","Wright"
"9","Eden Prairie","4","15","15","Idlewild","Hennepin"
"48","Melby","3","105","202","Ina","Douglas"
"58","Maple Plain","3","425","844","Independence","Hennepin"
"31","Silver Creek","3.5","65","146","Indian","Wright"
"79","Longville","12","565","1116","Inguadona","Cass"
"63","Ely","11","1190","2957","Insula","Lake"
"17","Rochester","10","11","11","Interlachen","Olmsted"
"44","Miltona","5.5","224","630","Irene","Douglas"
"19","Bemidji","4","546","613","Irving","Beltrami"
"14.5","Bloomington","4","3","3","Isaac Walton 2","Hennepin"
"19","Isabella","5","1165","1516","Isabella","Lake"
"13","Bloomington","6","5","5","Isaac Walton 3","Hennepin"
"25","Tamarack","6.5","194","243","Island","Aitkin"
"38","Snellman","10.5","457","1142","Island","Becker"
"65","Park Rapids","12","179","544","Island","Hubbard"
"35","Northome","7.5","1195","3088","Island","Itasca"
"35","Taconite","9","41","52.47","Island","Itasca"
"8","Lynd","1.57","169.73","169.73","Island","Lyon"
"43","Lengby","3.5","331","611","Island","Mahnomen"
"42","Sturgeon Lake","10.1","267","510","Island","Pine"
"65","Goodland","14.3","142","227","Island","St. Louis"
"94","Duluth","4.3","3260","8000.51","Island Lake Reservoir","St. Louis"
"25","Cromwell","5.5","87","101","Island North","Carlton"
"4","St Augusta","4","4","4","Island Slough","Stearns"
"22","Cromwell","4.5","207","281","Island South","Carlton"
"6","St Augusta","4","2","2","Jacob's Ark North","Stearns"
"40","Lake Itasca","5","449","1077","Itasca","Clearwater"
"8","St Augusta","5","9","9","Jacob's Ark South","Stearns"
"45","Marcell","12.5","245","383","Jack the Horse","Itasca"
"8","Hackensack","8","8","9","Jakes Pond","Cass"
"39","Lake Elmo","17","104","145","Jane","Washington"
"55","Goodland","7.5","119","137","Janette","St. Louis"
"25","Ely","14","123","154","Jasper","Lake"
"33","Cohasset","10","292","426","Jay Gould","Itasca"
"37","Cleveland","N/A","N/A","1,141","Jefferson","Le Sueur County"
"15","Dassel","3.5","1056","1056","Jennie","Meeker"
"42","Talmoon","8","455","1753","Jessie","Itasca"
"112","","20.608","32","32","Jessie Pit","Itasca"
"75","Elizabeth","9","262","737","Jewett","Otter Tail"
"22","Jennie","1.088","253","253","Jewitt","Meeker"
"10","Brooten","10","1584","1584","Johanna","Pope"
"43","Arden Hills","9.5","96","213","Johanna","Ramsey"
"28","Annandale","7.3","353","411","John","Wright"
"12","Porter","5.9","20.98","20.98","John Reservoir","Yellow Medicine"
"51","Marcell","15","89","305","Johnson","Itasca"
"88","Grand Rapids","13","146","492","Johnson","Itasca"
"32","Dalton","6.5","165","338","Johnson","Otter Tail"
"6","St Augusta","2","2075","2075","Johnson Creek Slough","Stearns"
"18","Ely","3","464","465","Johnson","St. Louis"
"88","Crane Lake","9","557","1674","Johnson","St. Louis]]"
"5","Fairhaven","3","14","14","Johnson Slough","Stearns"
"6","St Augusta","3","0.3","0.3","Johnson Oxbow","Stearns"
"89","Dalton","10.1","131","256","Jolly Ann","Otter Tail"
"12","Hazeltine","2","20","20","Jonathan","Carver"
"18","Jordan","12.2","17","16.5","Jordan Mill Pond","Scott"
"44","Roseville","6.8","81","118","Josephine","Ramsey"
"64","Buhl","35","3","20.19","Judson Mine Pit","St. Louis"
"12","Aden Hills","4","16","16","Judy","Ramsey"
"22","Little Sauk","3","90","118","Juergens","Todd"
"78","Ponsford","17","149","365","Juggler","Becker"
"43","Puposky","7","167","450","Julia","Beltrami"
"15","Clear Lake","3","136","142","Julia","Sherburne"
"5","Collegeville","2","0.2","0.2","Kabe Pond","Stearns"
"133","Laporte","10.5","532","2252","Kabekona","Hubbard"
"80","Kabetogama","n/a","7440","25760","Kabetogama","St. Louis"
"48","Avon","11.1","41","107.89","Kalla","Stearns"
"14","Bryon","1.5","20.14","20.14","Kalmer Reservoir","Olmsted"
"20","Fifty Lakes","12","n/a","272","Kego","Crow Wing"
"17, 25, 20","Prairie Portage","16, 21, 14","25, 10, 3","25, 24, 4","Kekekabic Ponds 1, 2, 3","Lake"
"195","Ely","18","97","1620","Kekekabic","Lake"
"34","","2.5","13","19.69","Kelzer Pond",""
"72","Mahoning","8.8","16","16","Kerr Pit","St. Louis"
"16","Elbow Lake Village","9","38","38","Kibbee","Clearwater"
"23","Taconite","4","141","296","King","Itasca"
,"Atwood",,"5.5","10","Kingsdale","Hennepin"
"50","Pennington","8","714","1785","Kitchi","Beltrami"
"50","Buyck","6.5","286","397","Kjostad","St. Louis"
"14","","8","4.591368","4.591368","Klawitter Pond",""
"20","Cold Spring","n/a","202","205","Knaus","Stearns"
"15","Mora","2","1266","1266","Knife","Kanabec"
"179","Ely","21","1037","4919","Knife","Lake"
"32","Cloquet","4.4","18","61","Knife Falls Reservoir","Carlton"
"14","Owatonna","13","32","32","Kohlmeier","Steele"
"132","Paynesville","5.2","1176","3014","Koronis","Stearns"
"N/A","Plymouth","N/A","N/A","N/A","Kraetz","Hennepin"
"12","Waldeck","11.968","15","15","Krilwitz","Aitkin"
"30","Lindstrom","6.2","150","192","Kroon","Chisago"
"10","Newport","4","44","44","La","Washington"
"8","Maple Hill","8","25","25","Lace","Cook"
"15","Milan","N/A","5589","5589","Lac qui Parle","Lac Qui Parle"
"","Dalton",,"91","91","Lacey","Otter Tail"
"62","Grey Eagle","10","68","207","Lady","Todd"
"11","Cottonwood","1.18","247","247","Lady Slipper","Lyon"
"31","Minneapolis","3.9","89","109","Lake of the Isles","Hennepin"
"210","Warroad","3.9","79253","950400 (307,000 in MN)","Lake of the Woods","Lake of the Woods"
"38","Mound","1.5","82.7","144","Langdon","Hennepin"
"8","Lake Crystal","1.2","379.38","379.38","Lake Crystal","Blue Earth County"
"10","Lanesboro","5","5.80","5.80","Lanesboro Mill Pond","Fillmore"
"9","Appleton","N/A","N/A","220","Large Henry","Swift"
"18","Olga","6.6","31","31","Lark","Polk"
"200","Nashwauk","10","47.03","47.03","Larue Pit","Itasca"
"108","Alexandria","14.5","155","776","Latoka","Douglas"
"10","Fairhaven","4.24","117","140","Laura","Stearns"
"32","Taconite","4.5","316","395","Lawrence","Itasca"
"85","Alexandria","8","767","1744","Le Homme Dieu","Douglas"
"45","Buhl","16","59","247","Leander","St. Louis"
"36","Hawley","6","86","134","Lee","Clay"
"8","St Augusta","3","14","14","Lee Slough","Stearns"
"150","Walker","n/a","57994","111527","Leech","Cass"
"8","Kimball","3","2.5","2.5","Leech Pit","Stearns"
"76","Vergas","11.3","272","609","Leek","Otter Tail"
"26","Audubon","6","316","488","Leif","Becker"
"63","Cohasset","14","78","229","Leighton","Itasca"
"10","Lincoln","5.056","62","85","Lena","Morrison"
"8","Fairhaven","4","0.25","0.25","Lenard","Stearns"
"35","Cotton","9.7","110","296","Leora (called Elora)","St. Louis"
"14","","10","3.86","3.86","LeRoy Sand Pit",""
"33","Villard","3.5","161","283","Leven","Pope"
"48","Ogilve","5.5","148","220","Lewis","Kanabec"
"7","Fairhaven","N/A","23","23","Lake 16","Stearns"
"6","Fairhaven","3","0.5","0.5","Lake 16 Bog","Stearns"
"5","Kimball","3","7","7","Lake 48","Stearns"
"58","Pelican Rapids","7","2380","5564","Lida (North)","Otter Tail"
"48","Pelican Rapids","8","356","856","Lida (South)","Otter Tail"
"184","Ridge","50","420","420","Light Blue Quarry","St Louis"
"11","Wendell","2.5","500","500","Lightning","Grant"
"3","Lake Elysaian","1","44","44","Lilly","Waseca"
"8","St Augusta","4","4","4","Lilly","Stearns"
"9","South Haven","4","10","10","Lilly Slough","Wright"
"7","Avoca","0.8","338","338","Lime","Murray"
"8","Lake Park","1","98","98","Lime","Becker"
"34","Clearwater","8.3","101","188","Limestone","Wright"
"27","Backus","10","249","377","Lind","Cass"
"284","Grand Rapids","25","8","82","Lind Pit","Itasca"
"5","St Augusta","4","8","8","Linda Slough","Stearns"
"29","Lindstrom","3.5","55","137","Lindstrom (North)","Chisago"
"34","Lindstrom","n/a","208","499","Lindstrom (South)","Chisago"
"25","Glen","1","81","81","Lingroth","Aitkin"
"50","Sedan","12.5","78","197","Linka","Pope"
"15","Lindstrom","0.6","180","180","Linn","Chisago"
"42","Wyoming","4","475","559","Linwood","Anoka"
"34","Markham","5.2","203","251","Linwood","St. Louis"
"6","South Haven","5","157","157","Lisa","Wright"
"23","Center City","3.4","124","159","Little","Chisago"
"30","Outing","n/a","67","112","Little Bass","Cass"
"62","Cohasset","15","55","155","Little Bass","Itasca"
"72","Togo","9.5","10","25.79","Little Bass","Itasca"
"35","Togo","7","97","142","Little Bear","Itasca"
"58","Ponsford","15.5","59","275","Little Bemidji","Becker"
"33","Deer River","4.1","115","319","Little Bowstring","Itasca"
"27","Cohasset","9","11","19","Little Cavanaugh","Itasca"
"74","Longville","10.8","466","1372","Little Boy","Cass"
"123","Bigfork","14","20","76.3","Little Coon","Itasca"
"20","Deer River","6","530","619.1","Little Cut Foot Sioux","Itasca"
"18","Waubun","8.5","119","158","Little Elbow","Mahnomen"
"26","Outing","8","89","111","Little Emily","Crow Wing"
"34","Detroit Lakes","15","95","205","Little Floyd","Becker"
"41","Nisswa","10","161","185","Little Hubert","Crow Wing"
"32","Nevis","5.5","137","212","Little Island","Hubbard"
"50","Deer River","8.6","206","637","Little Jessie","Itasca"
"28","Crane Lake","8.5","471","481","Little Johnson","St. Louis"
"8","Aitkin","7","14","14","Little Logan","Aitkin"
"45","Ely","17","78","293","Little Long","St. Louis"
"22","Lake Hubert","13.664","13","13","Little Markee","Crow Wing"
"25","Markham","4.8","34","42","Little Markham","St. Louis"
"109","Perham","19.1","413","1174","Little McDonald","Otter Tail"
"23","Grand Rapids","n/a","123","271","Little Moose","Itasca"
"34","Breezy Point","18","206","283","Little Pelican","Crow Wing"
"25","Vergas","11","256","345","Little Pelican","Otter Tail"
"36","Cross Lake","9","225","387","Little Pine","Crow Wing"
"23","Rice","1.5","1392","1450","Little Rock","Benton"
"150","BWCA","11.1","428","1575","Little Saganaga","Cook"
"19","Squaw Lake","n/a","231","361","Little Sand","Itasca"
"14","Virginia","4","94","96","Little Sand","St. Louis"
"8","Jackson","5.8","572","572","Little Spirit","Jackson"
"17","Two Harbors","4.8","140","181","Little Stone","St. Louis"
"22","Chisholm","4.5","54","266","Little Sturgeon","St. Louis"
"65","Frazee","15.5","107","345","Little Toad","Becker"
"65","Frazee","11","107","404.62","Little Toad","Becker"
"47","Remer","12","70","70","Little Thunder","Cass"
"37","Tower","9","178","538","Little Trout","St. Louis"
"95","Crane Lake","17","79","239","Little Trout","St. Louis"
"29","Talmoon","4","226","475","Little Turtle","Itasca"
"52","Crane Lake","6.5","639","1331","Little Vermilion","St. Louis"
"55","Remer","n/a","74","133","Little Vermillion","Cass"
"57","Grand Rapids","18","30.80","104","Little Wabana","Itasca"
"28","Deer River","10","209","938","Little Winnibigoshish","Itasca"
"66","Pelican Rapids","11.2","3013","4035","Lizzie","Otter Tail"
"65","Garfield","8.5","667","1308","Lobster","Douglas"
"49","Clearwater","4.3","67","156","Locke","Wright"
"42","Bagley","7.4","44","91","Lomond","Clearwater"
"60","Aitkin","25.8","148","448","Lone","Aitkin"
"116","Glen","n/a","120","415","Long","Aitkin"
"61","Detroit Lakes","14","152","357","Long","Becker"
"87","Turtle River","16.5","180.5","396","Long","Beltrami"
"18","Puposky","9.5","683","719","Long","Beltrami"
"115","Longville","12","356","926","Long","Cass"
"18","Evansville","5.5","201","218","Long","Douglas"
"33","Long Lake","n/a","131","261","Long","Hennepin"
"135","Park Rapids","13","468","1974","Long","Hubbard"
"34","Bigfork","8.5","177","331","Long","Itasca"
"46","New London","10.5","127","286","Long","Kandiyohi"
"16","Willmar","10.6","1489","1575","Long","Kandiyohi"
"11","Grove City","0.8","771","771","Long","Meeker"
"35","Sullivan","10","63","120","Long","Morrison"
"128","Vergas","N/A","529","1273","Long","Otter Tail"
"88","Dalton","9.5","236","350","Long","Otter Tail"
"17","Ottertail","n/a","1170","1173","Long","Otter Tail"
"17","Weetown","3.5","272","293","Long","Otter Tail"
"73","Fergus Falls","8","306","756","Long","Otter Tail"
"14","Makinen","2","395","395","Long","St. Louis"
"18","Crane Lake","5","319","409","Long","St. Louis"
"36","Chisholm","5.7","126","267","Long","St. Louis"
"51","Cotton","11.5","88","209","Long","St. Louis"
"35","Richmond","3.5","304","460","Long","Stearns"
"12","Cyrus","1.5","579","579","Long","Stevens"
"63","Burtrum","12","79","372","Long","Todd"
"6","St Augusta","4","0.5","0.5","Long Slough","Stearns"
"36","Sauk Centre","N/A","65","215","Long","Todd"
"6","St Augusta","3","0.3","0.3","Long Pit","Stearns"
"96","Ridge","40","110","110","Long Quarry","St Louis"
"97","Merrifield","15.3","3905","5998","Long (North)","Crow Wing"
"63","Zerkel","18","275","390","Long Lost","Clearwater"
"18","Chisholm","4.3","155","158","Longyear","St. Louis"
"69","Grand Rapids","12","48","235","Loon","Itasca"
"7","Jackson","2.7","679","679","Loon","Jackson"
"105","Vergas","14.45","592","1048","Loon","Otter Tail"
"85","Aurora","18","70","290","Loon","St. Louis"
"9","Waseca","N/A","122","122","Loon","Waseca"
"6","St Augusta","4","0.1","0.1","Lora Pond","Stearns"
"21","Dalbo","3.2","197","212","Lory","Isanti"
"6","Osseo","N/A","20","20","Lost","Hennepin"
"20","Tower","5","730","768","Lost","St. Louis"
"26","Mahtomedi","7","7.5","22.3","Lost","Washington"
"38","Tobique","7","1","2","Lost Pond","Cass"
"29","Chanhassen","n/a","182","246","Lotus","Carver"
"8","Westbrook","0.8","298","298","Louisa","Murray"
"33","Alexandria","12","99","219","Louise","Douglas"
"8","Leroy","1.5","15.17","15.17","Louise Mill Pond","Mower"
"8","Le Roy","1.3","26","26","Louise","Mower"
"110","Dorset","12.5","311","652","Lower Bottle (Lower)","Hubbard"
"16","Becida","6","213","221","Lower Lasalle","Hubbard"
"25","Calumet","2.6","169","248.1","Lower Panasa","Itasca"
"27.5","Avon","7.5","232","280","Lower Spunk","Stearns"
"35","Cass Lake","7","301","585","Lower Sucker","Cass"
"26","Menahga","3.5","175","391","Lower Twin","Wadena"
"20","Chanhassen","5","86","92","Lucy","Carver"
"2","St Augusta","2","0.1","0.1","Ludwig's Oxbow","Stearns"
"17","Waskish","11","7","7","Ludlow Pit","Beltrami"
"14","Dassel","6","19","19","Lunn","Meeker"
"9","Mapleton","N/A","1224","1224","Lura","Blue Earth"
"7","Luverne","1.50","10","10","Luverne Pit","Rock"
"59","Madison Lake","4","722","1113","Madison","Blue Earth"
"6","South Haven","5","4","4","Malco Slough","Wright"
"5","Aitkin","n/a","417","417","Mallard","Aitkin"
"95","","28","5.61","5.61","Mallen Pit","Crow Wing"
"10","Lowry","N/A","220","220","Malmedal","Pope"
"93","Hackensack","11.2","45","445","Man","Cass"
"24","Virginia","2","141","158","Manganika","St. Louis"
"26","Rochester","12","45","45","Manor Woods","Olmsted"
"68","Emmaville","13","752","1556","Mantrap (Big)","Hubbard"
"54","Park Rapids","11.5","197","348","Mantrap (Little)","Hubbard"
"160","Crosby","28","34.46","34.46","Manuel Mine","Crow Wing"
"51","Darwin","8.8","114","286","Manuella","Meeker"
"8","Darwin","5","5","5","Manuella NPSA","Meeker"
"92","Ponsford","10.5","565","1737","Many Point","Becker"
"78","Forada","14.5","387","815","Maple","Douglas"
"39","Marcell","11","76.5","228","Maple","Itasca"
"14","Mentor","n/a","1477","1477","Maple","Polk"
"23","Little Sauk","N/A","150","367","Maple","Todd"
"76","Maple Lake","8.8","396","777","Maple","Wright"
"9","Hawley","1.5","N/A","108","Marin","Clay"
"21","Lakeville","10.5","454","560","Marion","Dakota"
"12","Brownton","n/a","594","594","Marion","McLeod"
"62","Richville","12","685","1664","Marion","Otter Tail"
"5","Grand Marais","4","140","126.07","Mark","Cook"
"","Lake Hubert","","","","Markee","Crow Wing"
"29","Markham","2.5","238","264","Markham","St. Louis"
"8","Woodbury","4.736","44","44","Markgrafs","Washington"
"51","Bemidji","N/A","285","504","Marquette","Beltrami"
"5","Correll","0.6","4500","4500","Marsh","Big Stone"
"5","Bloomington","5","14","14","Marsh","Hennepin"
"20","Wyoming","1.5","140","234","Martin","Anoka"
"34","Emily","4","126","380","Mary","Crow Wing"
"40","Alexandria","5.5","1020","2371","Mary","Douglas"
"102","Maple Lake","5.5","82","209","Mary","Wright"
"47","Winsted","6.5","84","196","Mary","Wright"
"12","Duluth Junction","6","31","31","Masterman","Washington"
"32","Audubon","10","300","547","Maud","Becker"
"10","Waldeck","5","11","11","Maydole Logan","Aitkin"
"20","Mayhew","5.5","66","131","Mayhew","Benton"
"22","Pequot Lakes","7","147","155","Mayo","Crow Wing"
"50","Shieldsville","2.3","336","685","Mazaska","Rice"
"29","Grand Rapids","15","101","137","McAvity","Itasca"
"11","Savage","6.4","21","22.15","McColl Pond","Scott"
"10","Eden Prairie","3.75","11","11","McCoy","Hennepin"
"43","Nay-tah-waush","11","107","268","McCraney","Mahnomen"
"46","Perham","10.2","368","935","McDonald (Big)","Otter Tail"
"109","Perham","19.1","413","1174","McDonald (Little)","Otter Tail"
"49","Hovland","15.5","203","384","McFarland","Cook"
"34","Grand Rapids","5.5","99","115","McKinney","Itasca"
"21","Hibbing","5","157","164","McQuade","St. Louis"
"44","Tenstrike","5.9","308","446","Medicine","Beltrami"
"49","Plymouth","5.5","399","886","Medicine","Hennepin"
"43","Detroit Lakes","6.6","934","1831","Melissa","Becker"
"9.5","Melrose","5","72.31","72.31","Melrose Mill Pond","Stearns"
"23","Redby","6.3","91","125","Mempin","Beltrami"
"7","Hitterdahl","1.5","N/A","108","Meyer","Clay"
"56","Battle Lake","17.5","100","194","Middle","Otter Tail"
"40","Lake Park","11.5","144","360","Middle Cormorant","Becker"
"33","Nevis","14","260","294","Middle Crooked","Hubbard"
"43","Ottertail","12","181","398","Middle Leaf","Otter Tail"
"81","Avon","10","80.8","236.3","Middle Spunk","Stearns"
"24","Bemidji","17","496","521","Midge","Hubbard"
"11","Baxter","6.24","77","77","Mile","Cass"
"40","Alexandria","11.5","240","600","Mill","Douglas"
"12","Fairhaven","2","N/A","2.0661157025","Mill Pond","Stearns"
"17","","3.6","17","18.28","Mill Pond",""
"12","","9","24","24","Mill Pond",""
"10","","9.5","171","171","Mill Pond Lake",""
"42","Garrison","N/A","33129","132516","Mille Lacs","Mille Lacs"
"174","Aurora","31","4","17","Miller Pit West","St. Louis"
"6","Cushing","2","14","14","Millers","Morrison"
"105","Miltona","9.5","2802","5838","Miltona","Douglas"
"123","Alexandria","11.5","178","424","Mina","Douglas"
"7","East Bethel","n/a","n/a","138","Minard","Anoka"
"140","Ely","14","25","141.17","Miner's Pit","St. Louis"
"16","Alida","9","218","236","Minerva","Clearwater"
"39","Maple Lake","2.7","276","301","Mink","Wright"
"8","Oak Knoll","7","4","4","Minnehaha Marsh","Hennepin"
"20+","Minnesota Lake","n/a","n/a","1911","Minnesota Lake","Faribault"
"22","Cee Jefferson","4","9600","9600","Minnesota Slough","Houston"
"113","Minnetonka","10.9","5849","14004","Minnetonka","Hennepin"
"22.5","Ruthton","5","9","10","Minnett Krantz Reservoir","Pipestone"
"70","Chanhassen","13.5","n/a","738","Minnewashta","Carver"
"32","Glenwood","7","2140","7110","Minnewaska","Pope"
"21","McGregor","3","2286","2512","Minnewawa","Aitkin"
"22","Inger","10.5","27","27","Minni-Car-Car","Itasca"
"10","Canby","5","2","2","Minni R6","Yellow Medicine"
"49","Litchfield","16","169","545","Minnie Belle","Meeker"
"36","Mt Iron","18","3000","3000","Minntac-West Pit","St. Louis"
"18","Maple Hill","15","26","26","Misplaced","Cook"
"27","Merrifield","n/a","452","698","Mission (Lower)","Crow Wing"
"36","Merrifield","14","256","817","Mission (Upper)","Crow Wing"
"8","Manganese","5","10","10","Mission Oxbow","Crow Wing"
"24","Isabella","15","105","185","Mitawan","Lake"
"78","Emily","8","118","439","Mitchell","Crow Wing"
"19","Eden Prairie","3.5","109","112","Mitchell","Hennepin"
"48","Battle Lake","11.3","63","152.05","Molly Stark","Otter Tail"
"10","Plymouth","N/A","N/A","118","Mooney","Hennepin"
"265","Trommald","26","14.9","78","Morroco Mine","Crow Wing"
"52","Northome","9","93","357","Moose","Itasca"
"65","Ely","13","262","1300","Moose","Lake"
"18","Moose Lake","4","261","292","Moosehead","Carlton"
"32","Millerville","12.5","399","822","Moses","Douglas"
"80","Mountain Pit","11","17.68","17.68","Mott Pit","St. Louis"
"12","Motley","6","8","8","Motley Oxbow","Morrison"
"57","Burtrum","13.5","88","273","Mound","Todd"
"8","South Haven","4","14","14","Mouth Slough","Wright"
"8","Mountain Lake","2","241","241","Mountain","Cottonwood"
"50","Bemidji","6.25","513","923","Movil","Beltrami"
"9","Hackensack","6","18","41","Mud","Cass"
"8","","5.312","52","68","Mud",""
"10","Perham","1.45","305","305","Mud","Otter Tail"
"12","Marty","5.44","60","66","Mud","Stearns"
"14","New London","5.4","2318","2318","Mud","Kandiyohi"
"6.5","Wheaton","3","1640","1640","Mud","Traverse"
"5","Maine Prairie","2","0.5","0.5","Mud Pit","Stearns"
"9","St Augusta","5","3","3","Mud","Stearns"
"3","St Augusta","3","9","9","Mud Slough","Stearns"
"78","Crane Lake","12","151","754","Mukooda","St. Louis"
"47","Longville","15.5","182","456","Mule","Cass"
"24","Central Lakes","4.1","261","395","Murphy","St. Louis"
"21","Kimball","5.952","45","45","Murray","Stearns"
"28","Kimball","4","43","43","Murray Island","Stearns"
"8","Kimball","3","0.5","0.5","Murray Slough","Stearns"
"16","Maple Hill","6","27","27.68","Mush","Cook"
"20","Orr","10.5","862","889","Myrtle","St. Louis"
"150","Ray","10.7","5026","11755.41","Namakan","St Louis"
"16","Lake Park","7","236","241","Nelson","Becker"
"9","Glenwood","4.5","403","403","Nelson","Pope"
"40","Spicer","9.8","525","945","Nest","Kandiyohi"
"47","White Earth","6.5","134","213","Net","Becker"
"15","Nickerson","3.7","136","136","Net","Pine"
"45","Ely","7.7","119","643","Newfound","Lake"
"31","Payne","5.1","362","413","Nichols","St. Louis"
"7","Fairhaven","3","2","2","Nina Creek Reservoir","Stearns"
"8","Port Cargill","6","38","38","Nine Mile","Hennepin"
"40","Schroeder","10","288","296","Ninemile","Lake"
"65","Akeley","9.5","95","227","Ninth Crow Wing","Hubbard"
"21","Illgen City","10.5","29","58.94","Nipisiquit","Lake"
"42","Brainerd","8","218","660","Nokay","Crow Wing"
"33","Minneapolis","2","100","204","Nokomis","Hennepin"
"29","Aitkin","10.5","272","412","Nord","Aitkin"
"10","Cyrus","4","30","30","North Baker","Stevens"
"41","Eden Valley","4.5","130","324","North Browns","Stearns"
"24","Ely","9","0.7","3.7","North Lark","Lake"
"58","Pelican Rapids","7","2380","5564","North Lida","Otter Tail"
"8","South Haven","4","10","10","North Pittman","Wright"
"112","Ridge","33","222","222","North Long Pit","St Louis"
"22","Kimball","12","0.3","0.3","North Pit","Stearns"
"90","Marcell","12.9","314","1059","North Star","Itasca"
"60","Ridge","35","32","32","North Skinny Pit","St Louis"
"n/a","Hibbing","n/a","n/a","39","North Star","St. Louis"
"14","Fergus Falls","2","745","745","North Ten Mile","Otter Tail"
"19","Underwood","9.6","1454","1484","North Turtle","Otter Tail"
"59","Turtle River","16","138","313","North Twin","Beltrami"
"42","Marble","11","73","250","North Twin","Itasca"
"16","Nay-tah-waush","9","900","901","North Twin","Mahnomen"
"7.5","Grand Marais","6","433","433","Northern Light","Cook"
"33","Sunburg","7.2","2152","2344","Norway","Kandiyohi"
"19","Underwood","3.6","242","384","Norway","Otter Tail"
"45","Remer","20","72","238","No-Ta-She-Bun(Willow)","Itasca"
"79","Taconite","13","56","189.31","O'Reilly","Itasca"
"20","Duquette","2.5","433","442","Oak","Pine"
"63","Nashwauk","12","538.96","538.96","O'Brien Reservoir","Itasca"
"22","Shakopee","1.8","235","258","O'Dowd","Scott"
"115","Ely","16","134","371","Ojibway","Lake"
"6.5","Ceylon","1.5","2294.3","2294.3","Okamanpeedan","Martin"
"35","Appleton","5","300","416","Oliver","Swift"
"8","South Haven","4","12","12","Oliver Slough","Wright"
"20","Cyrus","2","425","425","Olson","Stevens"
"10","Onamia","4.5","2142","2142","Onamia","Mille Lacs"
"13","Ely","5","363","363","One Pine","St. Louis"
"7","St Augusta","4","0.75","0.75","Open Slough","Stearns"
"33","Lakeville","8.8","177","234","Orchard","Dakota"
"6","Oak Knoll","6","4","4","Orchard","Hennepin"
"433","Gilbert","N/A","140","140","Ore-be-gone","St. Louis"
"18","Elk River","1","281","281","Orono","Sherburne"
"25","Fergus Falls","4.7","626","782","Orwell","Otter Tail"
"73","Osakis","3.5","3146","6270","Osakis","Todd"
"25","Holmes City","6","750","1040","Oscar","Douglas"
"51","Fairhaven","8.5","32","91.75","Otter","Stearns"
"120","Ottertail","10.5","6468","13725","Otter Tail","Otter Tail"
"13","Port Cargill","6","6","6","Overlook","Hennepin"
"37","Shoreview","7","293","384","Owasso","Ramsey"
"34","Bigfork","17","187","257","Owen","Itasca"
"42","Backus","12","88","166","Ox Yoke","Cass"
"4,4,4,6,5","0.25,3,1,3,0.5",,"4,8,5,12,5","0.25,3,1,3,0.5","Ox Slough 1,2,3,4,5","Maine Prairie"
"80","Lake Itasca","17","63","151","Ozawindib","Clearwater"
"5","Prairie Portage","5","19","19","Paco","Lake"
"17","Hancock","7","171","372","Page","Stevens"
"8","Brooklyn Center","5","25","25","Palmer","Hennepin"
"16","Mahtowa","9.25","375","375","Park","Carlton"
"37","Plymouth","11.5","67.7","100.17","Parkers","Hennepin"
"18","Waconia","6","231","242","Parley","Carver"
"115","Ridge","36","300","300","Patridge Quarry","St Louis"
"81","Perham","23","109","319","Paul","Otter Tail"
"54","Detroit Lakes","7","168.2","237","Pearl","Becker"
"17","Cold Spring","3.7","511","733","Pearl","Stearns"
"63","Sullivan","16.2","45","123","Peavy","Morrison"
"104","Breezy Point","19.5","3910","8253","Pelican","Crow Wing"
"21","Ashby","4","3460","3932","Pelican","Grant"
"55","Pelican Rapids","6.4","1625","3986","Pelican","Otter Tail"
"34","Glenwood","6","416","519","Pelican","Pope"
"38","Orr","9.5","5879","11546","Pelican","St. Louis"
"46","St.Anna","13.5","135","337","Pelican","Stearns"
"7","Little Falls","2.3","96","96","Pelkey","Morrison"
"18","Centerville","2.8","412","465","Peltier","Anoka"
"259","Ironton","29","7","46.68","Pennington Mine","Crow Wing"
"60","Lake City","N/A","8060","25060","Pepin","Goodhue"
"33","Rollins","9.5","240","418","Pequaywan","St. Louis"
"16.2","Ivanhoe","2","180","224","Perch","Lincoln"
"30","Chisholm","11","170","339","Perch","St. Louis"
"24","Lincoln","10.752","65","88","Perch","Morrison"
"28","Isabella","6","1368","1800","Perent","Lake"
"13","Morris","3.5","512","512","Perkins","Stevens"
"24","St. Paul","N/A","N/A","198","Phalen","Ramsey"
"91","Saint Paul","17.2","80","197. 68","Phalen","Ramsey"
"30","Kingston","12","0.459","0.459","Photograph Pond","Meeker"
"6","Albert Lea","0.5","620","620","Pickeral","Freeborn"
"37","French Lake","8","15","19","Pickeral","Wright"
"74","Detroit Lakes","17.7","123","332","Pickerel","Becker"
"26","Park Rapids","11.5","270","311","Pickerel","Hubbard"
"70","Effie","11","52","293","Pickerel","Itasca"
"78","Maine","9","274","829","Pickerel","Otter Tail"
"23","Buyck","9","121","312","Picket","St. Louis"
"40","Victoria","5.4","119","235","Pierson","Carver"
"34","Genola","7.5","65","170","Pierz","Morrison"
"26","Rollins","14","28","28","Pigeon","St Louis"
"95","Cass Lake","n/a","2238","4760","Pike","Cass"
"45","Grand Marais","17.5","218","810","Pike","Cook"
"40","Pennington","5.8","654","1268","Pimushe","Beltrami"
"78","Cutler","11.5","259","614","Pine (Big)","Aitkin"
"44","Aitkin","12.9","103","220","Pine (Little)","Aitkin"
"15","Gonvick","6.5","1188","1188","Pine","Clearwater"
"18","Cross Lake","10","387","390","Pine","Crow Wing"
"76","Perham","6","2386","4730","Pine (Big)","Otter Tail"
"63","Perham","18.5","698","1969","Pine (Little)","Otter Tail"
"14","Fairbanks","4","430","430","Pine","St. Louis"
"12","White Earth","7.84","103","103","Pine","Mahnomen"
"26","Cushing","12","124","234","Pine Island","Todd"
"80","Backus","7.3","737","1567","Pine Mountain","Cass"
"2,3","St Augusta","2,3","2.5,3","2.5,3","Pine Slough 1,2","Stearns"
"31","Dellwood","n/a","109","120","Pine Tree","Washington"
"8","Kimball","4","0.3","0.3","Pit","Stearns"
"17","Grand Rapids","7.1","24","24.21","Pit","Cook"
"7","Kimball","3.5","2","2","Pit 1","Stearns"
"120","Hinsdale","36.544","282","282","Pit 1","St. Louis"
"4","Kimball","2","0.5","0.5","Pit 2","Stearns"
"99","Old Mesaba","36","300","300","Pit 2E","St Louis"
"6","Kimball","3","0.5","0.5","Pit 3","Stearns"
"128","Old Mesada","19.904","94","94","Pit 3","St. Louis"
"7","Kimball","4","1","1","Pit 4","Stearns"
"40","Ridge","20","20","20","Pit 20","St Louis"
"25","Pillager","5","340","537.46","Placid","Cass"
"65","Bemidji","5.2","986","2529","Plantagenet","Hubbard"
"23","Sullivan","5","1694","1746","Platte","Crow Wing"
"72","Hackensack","13","410","1038","Pleasant","Cass"
"38","Underwood","13.5","235","370","Pleasant","Otter Tail"
"33","Eveleth","7","154","345","Pleasant","St. Louis"
"33","Pleasant Lake","8","100","222","Pleasant","Stearns"
"74","Annanndale","11.5","260","509","Pleasant","Wright"
"8","St Augusta","6","145","145","Plum Creek Slough","Stearns"
"","Russell","N/A","","24","Pochardt Slough Lake","Lyon"
"40","Lowry","8","138","275","Pocket","Douglas"
"112","Grand Rapids","19","1978","6612","Pokegama","Itasca"
"25","Pine City","3.3","903","1474","Pokegama","Pine"
"23","Erdahl","3","1568","1816","Pomme de Terre","Grant"
"20","Saint Paul","12","0.688","0.6887052342","Pond 6","Ramsey"
"60","Backus","17","102","347","Ponto","Cass"
"12","New Brighton","0.96","9","9","Poplar","Ramsey"
"7","North Oaks","3.264","39","39","Poplar","Ramsey"
"23","Lengby","8","39","75","Poplar","Polk"
"73","Grand Marais","10.4","290","764","Poplar","Cook"
"20","Bemidji","N/A","2035","2142","Poposky","Beltrami"
"7","Jennie","4","35","35","Popp Slough","Mcleod"
"7","Little Falls","3","7","7","Popple","Morrison"
"8","Whipholt","4","10","10.10","Popple","Cass"
"50","Togo","17.5","24","101.43","Popple","Itasca"
"18","McGregor","6","313","316","Portage","Aitkin"
"17","Park Rapids","2.8","410","412","Portage","Hubbard"
"49","Ottertail","14.2","148","265","Portage","Otter Tail"
"13","Porter","4.7","15.56","15.56","Porter Reservoir","Lincoln"
"450+","Crosby","21","","121","Portsmouth Pit","Crow Wing"
"87","Park Rapids","9","426","2100","Potato","Hubbard"
"15","Crane Lake","N/A","4","4.6","Pot Hole","St. Louis"
"41","Woodbury","n/a","n/a","58","Powers","Washington"
"31","Grand Rapids","6.5","853","1064","Prairie","Itasca"
"22","Pelican Lake","11.9","801","1016","Prairie","Otter Tail"
"47","Floodwood","4","272","848","Prairie","St. Louis"
"12","Farmington","5.9","11.24","12.35","Prairie Ponds","Dakota"
"11","Buffalo Lake","2.7","670","670","Preston","Renville"
"60","Prior Lake","9.5","373","810","Prior (Lower)","Scott"
"50","Prior Lake","3.5","329","354","Prior (Upper)","Scott"
"30","Outing","14.5","13","48","Pug Hole","Crow Wing"
"23","Grand Rapids","8.5","141","158.16","Pughole","Itasca"
"87","Buffalo","8","122","702","Pulaski","Wright"
"10","Plymouth","5","2","2","Plymouth Creek","Hennepin"
"50","","9.50","12","70.4","Quarry",""
"45","Kimball","12","18","18","Quarry 48","Stearns"
"31","Clearwater","9.5","N/A","21","Quinn","Stearns"
"6","South Haven","2.5","1","1","Quinn Slough","Wright"
"13.5","Canby","6","13","13","R4","Yellow Medicine"
"14","Canby","5","33.22","33.22","R6","Yellow Medicine"
"51","Glen","8","77","214","Rabbit","Aitkin"
"112","Blackduck","14","515","577","Rabideau","Beltrami"
"65","Holmes City","9","124","496","Rachel","Douglas"
"161","International Falls","N/A","18949","220800","Rainy","Koochiching"
"80","Maple Lake","4","135","275","Ramsey","Wright"
"18","Ramsey","1.9","52","53.24","Ramsey Mill Pond","Mower"
"21","Palisade","5.5","389","405","Rat","Aitkin"
"8","International Falls","N/A","1125","1125","Rat Root","Koochiching"
"16","Langdon","5.6","19.44","19.44","Ravine","Washington"
"36","Cloverdale","10.5","47","100","Razor","Pine"
"12","South Haven","6","14","14","Reardon Slough","Wright"
"","Ponemah","","","180999","Red (Lower)","Beltrami"
"18","","2.5","75.49","75.49","Red Lake River Reservoir",""
"22","Kensington","13","595","708","Red Rock","Douglas"
"3","St Augusta","3","0.1","0.1","Red Slough","Stearns"
"13","","8","8","8","Red Wing Pottery Pond",""
"7","South Haven","4","8","8","Redwood Slough","Wright"
"58","Elysian","12.5","110","187","Reeds","Waseca"
"23","Alexandria","6.5","1303","3722","Reno","Pope"
"41.5","Nashwauk","10","10","102.35","Reservoir Number 4","Itasca"
"16","Centerville","n/a","336","336","Reshanau","Anoka"
"16","","1.056","336","336","Reshanau",""
"8","Finlayson","5.8","111","111","Rhine","Pine"
"5","Lino Lakes","n/a","442","442","Rice","Anoka"
"25","Brainerd","6","202","434","Rice","Crow Wing"
"4","Wells","N/A","266","266","Rice","Faribault"
"12","Maple Grove","2.5","314","314","Rice","Hennepin"
"68","Grand Rapids","14.75","229","857","Rice","Itasca"
"8","Little Falls","4","323","323","Rice","Morrison"
"8","Vergas","3.3","350","350","Rice","Otter Tail"
"41","Paynesville","4.6","958","1639","Rice","Stearns"
"24","Clearwater","4.5","59","88","Rice","Wright"
"25","","6.8","202","302.25","Rice Lake Reservoir",""
"5","Owatonna","","","697","Rice","Steele"
"49","Chanhassen","2.7","109","297","Riley","Carver"
"18","Litchfield","5.5","466","558","Ripley","Meeker"
"39","Aitkin","n/a","295","556","Ripple","Aitkin"
"28","","18","5.77","5.77","Riverpointe Pond",""
"2","St Augusta","2","1.25","1.25","River Slough","Stearns"
"43","Shieldsville","1.5","393.4","625.4","Roberds","Rice"
"13","McGregor","4.8","317","317","Rock","Aitkin"
"18","Detroit Lakes","4","1001","1048","Rock","Becker"
"7.2","Russell","1","422","439","Rock","Lyon"
"40","Ely","7","42","116","Rocky","St. Louis"
"11","Markville","5.6","79.32","79.32","Rock","Pine"
"8,16,12,12","South Haven","6,6,5,6","5,3,1.5,10","5,3,1.5,10","Rockwood Slough 1,2,3,4","Wright"
"135","Riverton","20","10","25","Roe Mine","Crow Wing"
"120","Ridge","40","100","100","Rolling Pit","St Louis"
"129","Outing","15.5","390","1585","Roosevelt","Cass"
"129","Outing","15.5","390","1585","Roosevelt","Crow Wing"
"137","Vergas","9","465","1190","Rose","Otter Tail"
"90","Grand Marais","n/a","408","1315","Rose","Cook"
"30","Emily","3.5","317","487","Ross","Crow Wing"
"20","Lake Park","7","232","241","Rossman","Becker"
"27","Tamarack","n/a","375","577","Round","Aitkin"
"59","Aitkin","12","475","633","Round","Aitkin"
"125","Garrison","n/a","322","767","Round","Aitkin"
"15","Anoka","n/a","266","266","Round","Anoka"
"69","Ponsford","10","473","1087","Round","Becker"
"51","Nisswa","n/a","627","1644","Round","Crow Wing"
"40","Big Fork","11.5","239","502","Round","Itasca"
"37","Eden Prairie","12","23","31","Round","Hennepin"
"24","Squaw Lake","7","1968","2828","Round","Itasca"
"9","Round Lake","1.1","1024","1024","Round","Jackson"
"36","Ottertail","3.4","220","262","Round","Otter Tail"
"16","Zerkel","6.5","638","653","Roy","Mahnomen"
"88","Grand Rapids","12","90","243","Ruby","Itasca"
"3","Jackson","0.7","293","293","Rush","Jackson"
"68","Ottertail","4.5","3325","5338","Rush","Otter Tail"
"12","Baxter","6","50","50","Rush","Cass"
"11","Clear Lake","1.9","142","142","Rush","Sherburne"
"24","Rush City","2.4","1033","1359","Rush (East)","Chisago"
"42","Rush City","3.1","862","1464","Rush (West)","Chisago"
"39","Emily","21","200","588","Ruth","Crow Wing"
"40","Aurora","3","135","305","Sabin","St. Louis"
"13","Cordova","7","263","263","Sabre","Lesueur"
"210","Riverton","32","56","117.82","Sagamore Mine","Crow Wing"
"280","Grand Marais","N/A","","17593","Saganaga","Cook"
"50","Detroit Lakes","6","577","1246","Sallie","Becker"
"5","Bass Brook","5","10","11.2488521579","Salter Pond","Itasca"
"23","Remer","8","635","736","Sand (Big)","Cass"
"12","Remer","7","403","403","Sand (Little)","Cass"
"135","Dorset","17.3","465","1659","Sand (Big)","Hubbard"
"80","Dorset","15.5","149","386","Sand (Little)","Hubbard"
"70","Squaw Lake","7.1","1897","4328","Sand","Itasca"
"11","Isabella","4.5","476","476","Sand","Lake"
"47","Moose Lake","12.6","215","501","Sand","Pine"
"15","Virginia","12","701","701","Sand","St. Louis"
"12","Albany","2.9","202","202","Sand","Stearns"
"17","Fosston","10","510","510","Sand Hill","Polk"
"53","Ely","19.8","17.8","61","Sandpit","Lake"
"32","Tenstrike","5.3","200","260","Sandy","Beltrami"
"59","Rockford","1.8","373","574","Sarah","Hennepin"
"11","Garvin","2.5","1093","1093","Sarah","Murray"
"27","Erskine","17","180","352","Sarah","Polk"
"39","Detroit Lakes","11.5","84","212","Sauer","Becker"
"59","Sauk Centre","4.1","1389","2094","Sauk (Big)","Todd"
"29","Sauk Centre","6","161","268","Sauk (Little)","Todd"
"15","Mound","1.93","30","30","Saunders","Hennepin"
"8","Little Canada","4.5","12","12","Savage","Ramsey"
"45","Tofte","4.5","445","765","Sawbill","Cook"
"90","Frazee","15.5","67","243","Scalp","Otter Tail"
"49","Terrace","10","237","424","Scandinavian","Pope"
"65","Scanlon","5.5","45","63","Scanlon Reservoir","Carlton"
"15","Saint Nicholas","5.888","54","54","School","Stearns"
"16","Casey","7","55","55","Schoolhouse","Meeker"
"11","Cottonwood","1.55","318","318","School Grave","Lyon"
"8","Kimball","7","6","6","School Section Slough","Stearns"
"62","Munsion","8","18.3654729109","18.3654729109","Schroeder","Stearns"
"24","Cotton","7.5","140","205","Schubert (East Bass)","St. Louis"
"49","Victoria","n/a","40","105","Schutz","Carver"
,,,,,"Scooty","Itasca"
"145","Grand Marais","11.5","927","4032","Sea Gull","Cook"
"376","Ridge","42","320","320","Second Black Quarry","St Louis"
"172","Trommald","31","2.9","14.53","Section 6 Mine","Crow Wing"
"10","Crane Lake","10","35","35","Section Pond","St. Louis"
"65","Deerwood","10","338","1057","Serpent","Crow Wing"
"42","Nevis","7","120","254","Seventh Crow Wing","Hubbard"
"52","Dalton","17","168","338","Sewell","Otter Tail"
"48","Ely","8","711","2344","Shagawa","St. Louis"
"15","Onamia","5.7","675","675","Shakopee","Mille Lacs"
"3.2","Shakopee","2","14","14","Shakopee Memorial Pond","Scott"
"85","Warba","18.2","268","531","Shallow","Itasca"
"14","Alvwood","9","176","224.65","Shallow Pond","Itasca"
"56","Motley","20","746","1428","Shamineau","Morrison"
"55","Taconite","14","18","50.33","Shamrock","Itasca"
"10","Ivanhoe","2","995","995","Shaokotan","Lincoln"
"3","St Augusta","3","0.2","0.2","Sheep Slough","Stearns"
"16","Snellman","4","3070","3140","Shell","Becker"
"10","Currie","N/A","3596","3596","Shetek","Murray"
"8.5","Appleton","2","340","340","Shible","Swift"
"42","Shieldsville","8","658.1","872","Shields","Rice"
"40","Akeley","12","43","171.93","Shingobee","Hubbard"
"77","Nashwauk","13.5","114","286","Shoal","Itasca"
"7","Grand Rapids","4","645","645","Shoal","Itasca"
"15","Jeffers","3.20","20","20","Shoper-Bush Reservoir","Cottonwood"
"32","Chisholm","14","153","372","Side","St. Louis"
"39","Hawley","6","36","114","Silver","Clay"
"34","Frazee","4.7","224","247","Silver","Otter Tail"
"11","Rochester","1.3","34","50.41","Silver","Olmsted"
"8","Arlington","1","621","621","Silver","Sibley"
"45","Chester","3.5","106.52","106.52","Silver Creek Reservoir","Olmsted"
"15","Isabella","7.5","1102","1102","Silver Island","Lake"
"105","Grand Rapids","9","292","1306","Siseebakwet (Sugar)","Itasca"
"37","Aitkin","6.5","219","365","Sissabagama","Aitkin"
"68","Bena","8.3","606","1288","Six Mile","Cass"
"40","Nevis","5.7","160","320","Sixth Crow Wing","Hubbard"
"52","Ely","14.5","58","58","Skindance","Lake"
"42","Ridge","33","50","50","Skinny Pit","St Louis"
"36","Cambridge","3.8","135","226","Skogman","Isanti"
"7","Bloomington","3.6","5.7","5.7392102847","Skriebakken","Hennepin"
"7","Isabella","2.7","294","294","Slate","Lake"
"21","Sleepy Eye","2.5","203","277","Sleepy Eye","Brown"
"8","Kingston","3","12","12","Slough 737","Meeker"
"105","Ridge","33","42","42","Small Quarry","St Louis"
"12","Eden Prairie","3","53","59","Smetana","Hennepin"
"54","Garrison","13.5","181","441","Smith","Crow Wing"
"30","Alexandria","3.5","270","575","Smith","Douglas"
"51","Brimson","","74","180","Smith","St. Louis"
"16","Bloomington","3.5","8.6","7.65","Smith Pond","Hennepin"
"30","Shoreview","9","130","150","Snail","Ramsey"
"29","Nay-tah-waush","8","268","632","Snider","Mahnomen"
"85","Riverton","26","1","6.58","Snoshoe Mine","Crow Wing"
"16","Plymouth","1.03","10","10","Snyder","Hennepin"
"150","Ely","21","879","3303","Snowbank","Lake"
"21","Maple Lake","2","128","158","Somers","Wright"
"17","Maple Hill","8.5","16.15","16.15","South Bean","Cook"
"28","Finlayson","9","96","372","South Big Pine","Aitkin"
"47","Brainerd","9","461","1313","South Long (Lower)","Crow Wing"
"47","Brainerd","7","283","802","South Long (Upper)","Crow Wing"
"102","Ridge","32","70","70","South Long Pit","St Louis"
"24","Kimball","12","0.3","0.3","South Pit","Stearns"
"15","Lake Park","1.8","450","450","South Stake","Becker"
"43","Chisholm","1.9","45","192","South Sturgeon","Itasca"
"35","Underwood","15.8","398","630","South Turtle","Otter Tail"
"29","Waubun","7","525","1000","South Twin","Mahnomen"
"2","Wells","N/A","392","392","South Walnut","Faribault"
"51.5","Cambridge","11.7","157","239","Spectacle","Isanti"
"7","Clarkfield","","189+","189+","Spellman","Yellow Medicine"
"96","Nevis","15","405","544","Spider","Hubbard"
"36","Marcell","10.5","737","1349","Spider","Itasca"
"49","Bennettville","12","260","530","Spirit","Aitkin"
"45","Menahga","8.3","65","115","Spirit","Wadena"
"33","Urbank","9","631","728","Spitzer","Otter Tail"
"34","Grand Rapids","8.5","511","1420","Split Hand","Itasca"
"16","Pipestone","1.8","79","95.79","Split Rock Reservoir","Pipestone"
"85","Winton","16","87","223","Spoon","Lake"
"6","Maplewood","N/A","10","6.82","Spoon","Ramsey"
"30","Dassel","4","165","218","Spring","Meeker"
"35","Lengby","6","44","136","Spring","Polk"
"37","Prior Lake","2.3","290","580","Spring","Scott"
"65","Ridge","35","72","72","Spring North Mine Pit","St Louis"
"60","Crane Lake","15.5","49","194","Spring","St. Louis"
"125","Ridge","35","120","120","Spring South Mine Pit","St Louis"
"16","Markham","7.2","1.20","1.20","Spring Hole","St. Louis"
"68","Stillwater","2.1","65","195","Square","Washington"
"95","Underwood","7.5","575","1280","Stalker","Otter Tail"
"15","Litchfield","2.9","557","557","Star","Meeker"
"30","Lincoln","9","36","47","Star","Todd"
"94","Dent","11.4","2813","4721","Star","Otter Tail"
"66","Emily","8","n/a","215","Stark","Crow Wing"
"6","Arco","0.8","224","224","Stay","Lincoln"
"93","Cass Lake","10","532","1775","Steamboat","Cass"
"6.5","Hendricks","1","208","208","Steep Bank","Lincoln"
"75","Darwin","5.6","226","553","Stella","Meeker"
"202","Ridge","40","323","323","Stephens Settling Basin","St Louis"
"63","Longville","13","67","105","Stevens","Cass"
"24","Two Harbors","10.3","247","248","Stewart","Lake"
"25","Nashwauk","5.5","207","378","Stingy","Itasca"
"7","Lake Park","1.3","370","370","Stinking","Becker"
"381","Aurora","33","8.4","104.54","St James Pit","St. Louis"
"22","Menahga","5","326","343","Stocking","Wadena"
"17","Rollins","7","196","206","Stone","St. Louis"
"50","Hackensack","22","178","595","Stony","Cass"
"4","Isabella","3","227","227","Stony","Lake"
"19","Fosston","4","46","49.65","Store","Polk"
"14","Brandon","4","366","366","Stowe","Douglas"
"16","St Peter","9","3","3","St Peter Hospital Pond","Nicollet"
"63","Osage","7","178","423","Straight","Becker"
"40","White Earth","18","563","1522","Strawberry","Becker"
"2","St Augusta","2","3","3","Stream Slough","Stearns"
"49","Vining","24","405","699","Stuart","Otter Tail"
"40","Buhl","17.5","1","13","Stubler Pit","St. Louis"
"40","Sturgeon Lake","8.7","495","1405","Sturgeon","Pine"
"80","Chisholm","14.5","667","1664","Sturgeon","St. Louis"
"31","Ely","9","178","393","Sucker","Lake"
"45","Glen","13","267","398","Sugar","Aitkin"
"44","Remer","3.4","325","664","Sugar","Cass"
"22","Cass Lake","9","1268","1585","Sugar","Itasca"
"69","Maple Lake","11","357","1015","Sugar","Wright"
"42","Richwood","14.5","297","472","Sugar Bush (Big)","Becker"
"29","Richwood","12.2","99","202","Sugar Bush (Little)","Becker"
"57","Harding","n/a","567","1221","Sullivan","Morrison"
"21","Lindstrom","2.7","712","742","Sunrise","Chisago"
"17","White Bear Lake","5","124","124","Sunset","Washington"
"10.5","Burnsville","5.7","41.38","44.45","Sunset Pond","Dakota"
"1333","Duluth","","","20365000 (962,700 in MN)","Superior","Cook"
"17","Chanhassen","2.3","75","87.78","Susan","Carver"
"9","Maple Hill","6","2.7548","2.7548","Susana","Cook"
"5","Glen","4","273","273","Swamp","Aitkin"
"20","Watkins","7.36","23","23","Swamp","Stearns"
"10","","5.5","164.63","164.63","Swamp River Reservoir",""
"65","Pengilly","9.5","507","2472","Swan","Itasca"
"10","Silver Lake","N/A","343","343","Swan","McLeod"
"8.5","Nicollet","N/A","N/A","9346","Swan","Nicollet"
"44","Fergus Falls","11.5","371","689","Swan","Otter Tail"
"76","Bemidji","17.5","136","388","Swenson","Beltrami"
"74","Vergas","13.5","423","706","Sybil","Otter Tail"
"31","Sylvan","6","190.97","321.49","Sylvan","Morrison"
"78","South Haven","17","170","652","Sylvia","Wright"
"6","St Augusta","N/A","37","37","Sylvia TW","Stearns"
"6","Dundee","1","678","678","Talcot","Cottonwood"
"11","Pelican Rapids","6","392","392","Tamarac","Otter Tail"
"17","Rochert","3.5","1389","1431","Tamarack","Becker"
"48","Wright","5","176","228","Tamarack","Carlton"
"29","","3.008","38","54","Tanager",""
"6","Bloomington","6","3","3","Tarnhill Pond","Hennepin"
"9,9,9","North Oaks","3,3,3","2.75,0.4,0.91","2.75,0.459,0.918","Teal Ponds 1, 2, 3","Ramsey"
"208","Hackensack","15.5","1316","4669","Ten Mile","Cass"
"51","Dalton","8","597","1411","Ten Mile","Otter Tail"
"15","Terrace","6","9","9","Terrace Mill Pond","Pope"
"35","Waterville","9","548","1336","Tetonka","Lesueur"
"52","Northome","N/A","23","38.89","Teufer","Koochiching"
"6","Glenwood Junction","3","8","8","The Rapids","Hennepin"
"44","Richmond","6.03","12","35","Thein","Stearns"
"15","Gatzke (or Middle River)","N/A","N/A","N/A","Thief","Marshall"
"35","Hubbard","7","367","643","Third Crow Wing","Hubbard"
"50","Cass Lake","10","329","470","Thirteen","Cass"
"17","Buhl","11","73","79","Thirteen","St. Louis"
"45","Togo","13","73","318","Thistle Dew","Itasca"
"12","Shakopee","6.8","118.52","118.52","Thole","Scott"
"12","Shakopee","2","105","105","Thole/Schneider","Scott"
"26","Thomson","","","","Thomson Reservoir","Carlton"
"64","Ridge","40","12","12","Thong Pit","St Louis"
"21","Deerwood","9","203","216","Thornton","Aitkin"
"14","Hawley","1.5","N/A","105","Three","Clay"
"25","Turtle River","7.75","635","678","Three Island","Beltrami"
"66","Marcell","18","66","235","Three Island","Itasca"
"95","Remer","20","226","1330","Thunder Lake","Cass"
"8","Eden Prairie","5","4","4","Tieney's Woods Pond","Hennepin"
"13","Hitterdahl","2","259","259","Tilde","Clay"
"8","Windom","0.9","198","198","Timber","Jackson"
"56","Ridge","30","8","8","Tiny Pit","St Louis"
"3","St Augusta","3","0.3","0.3","Tiny Slough","Stearns"
"225","Cohasset","43","1","51","Tioga Mine Pit","Itasca"
"222","Ridge","32","310","310","Titicaca Pit","St Louis"
"29","Osage","5.3","561","1716.17","Toad","Becker"
"73","Ely","13","42","155","Tofte","Lake"
"35","Hovland","7.5","334","576","Tom","Cook"
"7","Isabella","2.8","25.1","25.1","Tornado","Lake"
"11","Longville","10.5","510","510","Town Line","Cass"
"12","Browns Valley","N/A","11528","11528","Traverse","Traverse"
"6","Kimball","3","2","2","Tree Pit North","Stearns"
"32","Longville","6","355","602","Trelipe (Lower)","Cass"
"7","Kimball","4","2","2","Tree Pit South","Stearns"
"69","Longville","12.5","143","409","Trelipe (Upper)","Cass"
"2,2,2","St Augusta","2,2,2","4.5,14,5","4.5,14,5","Tree Slough 1,2,3","Stearns"
"43","Ely","16","160","309","Triangle","Lake"
"17","Ridge","10","6","6","Triangle Pit","St Louis"
"45","Mankato","9","3","3","Troost Pond","Blue Earth"
"77","Grand Marais","17","59","257","Trout","Cook"
"135","Coleraine","14.5","438","1890","Trout","Itasca"
"157","Grand Rapids","10","386","1753","Trout","Itasca"
"76","Vergas","9.9","272","620.8","Trowbridge","Otter Tail"
"43","Waubun","8.5","281","773","Tulaby","Mahnomen"
"6,6","St Augusta","3,3","0.25,0.25","0.25,0.25","Turquoise Pit 1,2","Stearns"
"45","Bemidji","8","718","1436","Turtle (Big)","Beltrami"
"25","Puposky","7","302","464","Turtle (Little)","Beltrami"
"21","Forada","2","183","220","Turtle","Douglas"
"137","Marcell","10.5","556","2052","Turtle","Itasca"
"12","Fosston","2.3","545","545","Turtle","Polk"
"28","Shoreview","4.5","245","409","Turtle","Ramsey"
"63","Turtle River","10","688","1740","Turtle River","Beltrami"
"130","BWCA","9.5","198","833","Tuscarora","Cook"
"44","Robbinsdale","4.6","172","212","Twin","Hennepin"
"50","Amor","16","189","333","Twin","Otter Tail"
"43","Grey Eagle","1.5","299","314","Twin","Todd"
"97","South Haven","n/a","244","872","Twin","Wright"
"27","Grand Marais","9","702","731","Two Island","Cook"
"63","Holdingford","5.2","201","575","Two Rivers","Stearns"
"6","Stacy","1.5","295","295","Typo","Isanti"
"8","Wegdahl","3.072","122","122","Unger Marsh Pond","Chippewa"
"18","New Munich","9.5","N/A","258","Uhlenkolts","Stearns"
"83","Erskine","10.2","265","734","Union","Polk"
"10","Little Chicago","3.6","403","403","Union","Rice"
"35","South Haven","2.5-5","27.4","92.93","Union","Wright"
"7","South Haven","3","66","66","Union Slough","Wright"
"55","Dorset","9","176","465","Bottle (Upper)","Hubbard"
"2","St Augusta","0","10","10","Tammy Lake","Stearns"
"10","Clearwater","5","32","32","Unnamed Reservoir","Stearns"
"145","","25.472","6","6","Unnamed Mine","Crow Wing"
"6","St Augusta","3","0.1","0.1","Unnamed Slough 1","Stearns"
"72","Ridge","30","22","22","Unnamed Pit","St Louis"
"5","St Augusta","4","0.1","0.1","Unnamed Slough 2","Stearns"
"29","Lake Park","3.9","471","856","Upper Cormorant","Becker"
"24","Emily","6.5","214","285","Upper Dean","Crow Wing"
"54","Nisswa","9.5","154","371","Upper Gull","Cass"
"48","Lake Itasca","8","40","221","Upper Lasalle","Clearwater"
"15","Finlayson","3.2","210","210","Upper Pine","Pine"
"13","Calumet","3.8","147.77","147.77","Upper Panasa","Itasca"
"18","Waskish","N/A","N/A","107832","Red (Upper)","Beltrami"
"13","Shevlin","N/A","1689","1689","Upper Rice","Clearwater"
"9","Duluth","5","7.7","1.94","Upper Twin Pond","St. Louis"
"58","Vadnais Heights","8","138","394","Vadnais (east)","Ramsey"
"9","Vadnais Heights","2","216","216","Vadnais (west)","Ramsey"
"27","Palisade","n/a","189","230","Vanduse","Aitkin"
"76","Tower","n/a","15006","40557","Vermilion","St. Louis"
"55","Ely","14","86","245","Vera","Lake"
"27","Remer","8","230","397","Vermillion","Cass"
"59","Miltona","18","207","309","Vermont","Douglas"
"60","Alexandria","12.3","122","419","Victoria","Douglas"
"8","St Augusta","5","890","890","Vienna Slough","Stearns"
"16","Villard","2.8","488","536","Villard","Pope"
"7","Platte","4","9.1827","9.1827","Vinegar","Morrison"
"34","Victoria","10.5","30","110","Virginia","Carver"
"225","Trommald","26.86","20","20","Virginia Mine","Crow Wing"
"67","Le Center","15","130","283","Volney","Lesueur"
"10","Saint Anthony","5.888","76","76","Vos","Stearns"
"115","Grand Rapids","16","785","2215","Wabana","Itasca"
"95","Longville","13.5","295","1185","Wabedo","Cass"
"14","Ponsford","11","231.5","232","Waboose","Becker"
"37","Waconia","4","1660","2996","Waconia","Carver"
"12","Wacouta Beach","6","27.5","27.5482093664","Wacouta Pond","Goodhue"
"12","Wadena","6","12","12.12121212","Wadena City Pond","Wadena"
"15","Willmar","1.9","1664","1664","Wagonga","Kandiyohi"
"9","Maplewood","4.92","22.5","22.5","Wakefield","Ramsey"
"29","Ottertail","4.7","342","540","Walker","Otter Tail"
"34","Fergus Falls","5.5","229","683","Wall","Otter Tail"
"2.2","St Augusta","5","2.2","","Wall Cloud","Stearns"
"8","Eden Prairie","5","7","7","Wallo Pond","Hennepin"
"38","Clearwater","8.5","12","37.43","Warner","Stearns"
"12","Windom","7","3","3.4435261708","Warren Pond","Cottonwood"
"6","Atwood","5","17","17","Wanda Miller","Hennepin"
"111","Outing","12.5","748","1554","Washburn","Cass"
"51","Madison Lake","2.2","783","1487","Washington","Lesueur"
"17","Darwin","3.9","2454","2639","Washington","Meeker"
"41","Victoria","2","112","153","Wassermann","Carver"
"67","Taconite","14","208","415","Wasson","Itasca"
"54","St. Joseph","","","94","Watab","Stearns"
"38","Palisade","5.5","292","644","Waukenabo","Aitkin"
"71","Waverly","3","141","485","Waverly","Wright"
"57","Maple Grove","3.4","76","149","Weaver","Hennepin"
"5","South Haven","5","12","12","Weed Slough","Wright"
"84","Hackensack","16","278","754","Webb","Cass"
"3","Kimball","3","1","1","Weed Pit","Stearns"
"27","","17","347","966.53","Wellner-Hageman Reservoir",""
"108","Battle Lake","17.5","2496","5624","West Battle","Otter Tail"
"12","Isabella","7.5","114","114","West Chub","Lake"
"50","Nevis","16","142","279","West Crooked","Hubbard"
"240","Ridge","40","380","380","West Fat Pit","St Louis"
"24","Cleveland","1.5","348","441","West Jefferson","Lesueur"
"97","South Haven","17","244","904.37","West Lake Sylvia","Wright"
"55","Ottertail","9.9","256","684","West Leaf","Otter Tail"
"16","Underwood","9","692","723","West Lost","Otter Tail"
"62","Vergas","13.6","183","573","West McDonald","Otter Tail"
"14","Motley","2","22","22.9568411387","West Nelson","Morrison"
"10","South Haven","5","3","3","West Pittman","Wright"
"14","Grand Marais","6.2","71","71","West Pope","Cook"
"35","Chisholm","5","42","114","West Sturgeon","St. Louis"
"4.5","Graceville","0.3","322","322","West Toqua","Big Stone"
"27","Mountain Iron","17","347","966.53","West Two Rivers Reservoir","St. Louis"
"10","Florence","2.8","232","232","West Twin","Lyon"
"10","Grand Marais","7.5","21","21","Whale","Cook"
"25","St Bonifacius","1.9","552","558","Whaletail","Hennepin"
"83","White Bear Lake","10.5","1314","2416","White Bear","Ramsey / Washington"
"120","White Earth","14.5","599","2079","White Earth","Becker"
"4","Swatara","4","n/a","854","White Elk","Aitkin"
"47","Ely","4","1603","3429","White Iron","St. Louis"
"10","Lutsen","4.1","342","342","White Pine","Cook"
"2","St Augusta","2","3","3","White Slough","Stearns"
"19","Bigfork","10","119","158","White Swan","Itasca"
"35","Markham","5.1","4480","5600","Whiteface","St. Louis"
"138","Cross Lake","9","2713","7370","Whitefish","Crow Wing"
"62","Garrison","13.5","428","696","Whitefish","Crow Wing"
"51","Wirt","8","261","563","Whitefish","Itasca"
"49","Tofte","22","191","339","Whitefish","Lake"
"18","Fosston","3.8","183","226","Whitefish","Polk"
"73","Hoyt Lakes","12","564","1210","Whitewater","St. Louis"
"15","South Haven","4.47","18","18","Widmark","Wright"
"39","Palisade","n/a","106","372","Wilkins","Aitkin"
"4","Kimball","3","186","186","Willow","Stearns"
"24","Rochester","3","30.9","39","Willow Reservoir 4","Olmsted"
"22","Rochester","11","62","70","Willow Reservoir 6A","Olmsted"
"18","Woodbury","8","21","21","Wilmes","Washington"
"53","Schroeder","17","229.5","622","Wilson","Lake"
"8","Lake Wilson","1.8","170","170","Wilson","Murray"
"58","Frazee","7","107","275","Wimar","Otter Tail"
"50","Orr","7.5","54","360","Winchester","St. Louis"
"15","Bemidji","6","129","199","Windigo","Beltrami"
"39","Isabella","7.5","199","450","Windy","Lake"
"70","Deer River","n/a","18904","58544","Winnibigoshish","Cass"
"33","Winona","3.3","278","307","Winona","Winona"
"12","Winsted","2.1","376","376","Winsted","McLeod"
"25","Golden Valley","3.5","23","38","Wirth","Hennepin"
"6","Mankato","2","474","474","Wita","Blue Earth"
"19","Ely","10","36","40.58","Witness","Lake"
"8","Washington","4","13","13.7741046832","Wojtowicz Pond","Scandia"
"16","Wolf Lake","N/A","1445","1445","Wolf","Becker"
"11","Dassel","3","259","259","Wolf","Meeker"
"28","Ely","10.5","145","299","Wolf","St. Louis"
"25","Saint Louis Park","2.6","3","3.28","Wolfe Park","Hennepin"
"67","Longville","9.8","1953","5496","Woman","Cass"
"15","Richfield","1.35","42","42","Wood","Hennepin"
"14","Russell","7","367","372.8","Wood (Marguerite)","Lyon"
"9","Wood Lake","2.75","432","432","Wood","Yellow Medicine"
"14","Burnsville","4.32","13.26","13.26","Wood Park","Dakota"
"17","Duluth Junction","5.28","11","11","Wood Pile","Washington"
"5","Elbow Lake","2","345","345","Worm","Grant"
"52","Aurora","6","70","278","Wynne","St. Louis"
"102","Goodview","33","82","82","Xander","Winona"
"8","Balaton","N/A","387","387","Yankton","Lyon"
"50","Kinney","10","3","16","Yates","St. Louis"
"143","Crosby","27","2.1","14.1","Yawkey Mine","Crow Wing"
"15","","9.25","5.3","5.3","Youth Fishing",""
"22","Forest Center","13.056","24","24","Zenith","Cook"
"40","Prairie Portage","6","95","122","Zephyr","Cook"
"3","Collegeville","1","3","3","Zimmer Pond","Stearns"
"96","Suomi","8","14","14","Zimmy","Itasca"
"26","Grand Marais","6","80","90","Zoo","Cook"
"58","Victoria","7.25","89","162","Zumbra","Carver"
